id,coordinates
9128,"37.739684,-122.467323"
14672,"34.607218,-118.147264"
11581,"37.777957,-122.41494"
12459,"32.711306,-117.161239"
16593,"33.721537,-116.362753"
17776,"34.057471,-118.415748"
13001,"33.78885,-117.91517"
66234,"38.578005,-121.491472"
1009991,"37.8066139221191,-122.420425415039"
18133,"34.063236,-117.284652"
1006898,"34.0662269592285,-117.322387695313"
17132,"33.744291,-117.191402"
7010,"40.19129477314,-122.23687984919"
1006983,"38.0057220458984,-121.353210449219"
11949,"37.79357,-122.397275"
12572,"39.926821,-122.197884"
12821,"35.400312,-119.397631"
12835,"34.432797,-118.591035"
12530,"39.526333,-122.212535"
14644,"37.943699,-122.056982"
15611,"38.133963,-122.221504"
7755,"38.660707,-121.362801"
7920,"38.084203,-122.234276"
10893,"38.254373,-122.066369"
14902,"38.457123,-121.843163"
15445,"37.763785,-121.950477"
15944,"38.636521,-121.504781"
8818,"38.021118,-122.261202"
12220,"33.91673,-118.049406"
12503,"33.917538,-117.93192"
1010337,"33.9168891906738,-118.011520385742"
16681,"32.791545,-115.570174"
12157,"32.726182,-117.169499"
11817,"34.081073,-117.719007"
69556,"33.740958,-117.432999"
10757,"37.502379,-122.247034"
9460,"37.62478,-122.411357"
13943,"37.617522,-122.06978"
1006418,"37.6330299377441,-122.112121582031"
10948,"38.584273,-121.284538"
8820,"37.099016,-121.015563"
90550,"33.8905982971191,-117.207778930664"
7543,"33.668978,-117.76424"
6605,"33.652591,-117.746527"
16030,"37.764167,-122.466005"
10238,"37.968087,-122.521821"
10037,"37.649487860304,-121.80216922098"
14847,"37.795153,-122.401741"
12072,"34.413316,-119.85509"
14212,"38.574275,-121.4716"
16581,"37.652369,-122.089936"
68810,"33.742743,-116.216602"
11268,"32.740229,-116.940965"
9793,"32.786212,-116.927672"
8717,"33.664019,-117.856996"
18175,"33.656794,-117.865569"
9607,"34.200061,-118.867525"
6747,"33.981541,-118.409088"
9036,"32.717651,-117.159434"
8901,"38.55083130163,-121.53849172497"
10769,"38.308735,-122.295458"
8984,"33.521797,-117.166383"
12608,"33.695649,-117.763252"
13239,"34.247386,-117.208843"
9717,"37.499382,-120.825597"
11294,"37.700232,-121.90793"
15615,"37.807285,-122.41641"
20057,"37.671352,-122.464392"
14618,"34.047513,-117.547842"
13355,"37.780175,-122.478147"
14073,"37.765794,-122.403234"
10054,"37.645549,-121.01849"
7607,"33.803334,-118.07075"
17780,"33.807413,-117.869946"
18527,"33.803179,-118.014901"
15265,"37.790683,-122.403889"
1006577,"32.819751739502,-117.149436950684"
8971,"36.735447,-119.785807"
7955,"38.116529,-121.255048"
14773,"38.115923,-121.305802"
16850,"37.792692,-122.40368"
13947,"37.777114,-122.393598"
11835,"33.138708,-117.174707"
9504,"34.050522,-118.242725"
18420,"34.200032,-118.188539"
15051,"34.063584,-118.376354"
18674,"34.026772,-118.371795"
16531,"34.222932,-118.236195"
12120,"33.917128,-117.960949"
8742,"32.848773,-117.27329"
11254,"32.813927,-117.269973"
1007344,"37.7897186279297,-122.401138305664"
11445,"32.850589,-117.25484"
14829,"32.865068,-117.232112"
10034,"32.763905,-117.02176"
11263,"33.846996,-117.989607"
17122,"33.601106,-117.67383"
12052,"33.556076,-117.710158"
14021,"33.596524,-117.677333"
17223,"33.895675,-117.470346"
8970,"34.050985,-118.344036"
13350,"33.977549,-118.371929"
16849,"37.794606,-122.402695"
8809,"37.891717,-122.120022"
8298,"38.423897,-121.413756"
14758,"38.422848,-121.446347"
15802,"33.54247,-117.784442"
17106,"33.543369,-117.786325"
13337,"33.610229,-117.73104"
17108,"33.526848,-117.717004"
10032,"38.572604,-121.579782"
9475,"40.61037,-122.371285"
1008996,"34.1587219238281,-118.132720947266"
14680,"36.32551757235,-119.67301486298"
11150,"37.319163,-120.478087"
12179,"33.638469,-117.678346"
10960,"33.645484364299,-117.6889686598"
7011,"34.49563,-118.621535"
12828,"32.779741,-117.039799"
12654,"38.954866,-119.944525"
9419,"38.233659,-122.598885"
8324,"33.874989,-118.142364"
1005308,"33.8291015625,-118.1435546875"
8545,"33.925131191253,-118.13157031597"
9874,"33.961079,-118.110757"
8325,"34.19789,-119.179438"
15438,"33.851385,-118.138189"
7025,"38.62626,-121.327643"
15922,"34.164676,-118.374123"
9768,"37.947898,-122.510623"
15563,"34.236566,-119.03743"
17763,"33.142498,-117.19152"
16705,"37.708155,-121.72352"
12063,"37.877682,-122.049526"
17626,"34.103637,-118.073663"
14479,"37.824631289583,-121.28776784442"
12527,"40.801677,-124.167851"
11298,"38.650392,-121.068644"
7165,"37.502947,-122.257189"
8889,"34.157797,-118.396241"
9025,"37.786111,-122.453231"
15564,"34.984702,-118.947186"
1006384,"33.9453086853027,-118.399490356445"
1006012,"33.9453086853027,-118.399490356445"
87657,"33.945215,-118.401876"
13147,"33.946326,-118.40389"
13133,"33.94708,-118.401194"
9472,"38.583388,-121.50054"
14338,"33.946958,-118.401166"
13132,"33.946512,-118.403856"
13146,"33.946189,-118.407245"
9396,"36.307252,-119.781145"
10306,"34.849295,-117.082928"
90216,"33.0652618408203,-117.29369354248"
15159,"33.06853,-117.265286"
9302,"37.802873,-122.402068"
13743,"33.975069,-117.560902"
7994,"33.83521,-117.914039"
14112,"32.731064,-117.160435"
15455,"38.094784,-122.228888"
17362,"33.832868,-117.928441"
9594,"33.979646,-118.439279"
14018,"38.921992,-121.057294"
15436,"34.003455,-118.471965"
1007336,"34.012035369873,-118.48307800293"
9848,"33.832725,-118.03037"
9126,"38.011093,-121.322135"
7576,"38.873734,-121.304185"
18702,"32.801186,-117.15766"
15261,"32.747192,-117.160134"
14589,"32.764901,-117.197102"
1006069,"34.1833877563477,-118.785789489746"
11314,"34.19207,-117.361518"
16068,"37.452035,-122.180363"
9023,"37.696885,-121.744039"
92678,"37.7000541687012,-121.84464263916"
15592,"32.995387,-117.254645"
18143,"37.976229,-121.800994"
13938,"37.962039,-121.7384"
11239,"33.772926,-118.189216"
8653,"38.547105,-121.428166"
11945,"33.805423,-118.190654"
15937,"33.828469523289,-118.08514098832"
20102,"34.08126,-118.039316"
17090,"38.425277,-121.482313"
1006766,"33.574031829834,-117.178802490234"
12115,"37.378504,-122.116686"
13319,"37.361414,-122.098027"
10450,"33.919081082583,-118.38077043173"
7993,"34.271425,-118.77746"
15047,"34.126474,-118.263433"
9568,"38.554024,-121.428114"
7404,"37.253668,-121.952564"
14017,"35.310906,-120.82825"
15628,"34.071578,-117.204127"
1006830,"34.0705108642578,-117.139190673828"
11105,"34.380108,-118.539781"
8833,"33.671397,-117.86464"
1005459,"33.6373672485352,-117.862060546875"
7114,"37.731871,-122.13968"
15555,"33.699611,-117.865308"
12419,"33.686738,-117.855745"
16566,"37.744509,-122.452714"
7136,"38.473704,-121.429963"
89061,"33.690252,-117.889883"
18195,"33.914662883282,-117.88732992343"
10624,"37.786551,-122.40824"
1006386,"34.1108627319336,-117.53018951416"
91306,"37.8949813842773,-122.057960510254"
12208,"38.663848,-121.307666"
8269,"38.664536,-121.243991"
8241,"33.555535,-117.199158"
10397,"38.660067,-121.326473"
15892,"34.051238,-118.25743"
14774,"35.263138,-120.676639"
10282,"34.423145,-118.578877"
11838,"32.855487,-116.971507"
13441,"33.855662,-117.562208"
7377,"33.76714,-117.97272"
15557,"33.911361,-117.46149"
11792,"33.71582,-117.970847"
9129,"37.779867,-121.971581"
15173,"34.094744,-118.128132"
10594,"36.690941,-121.652986"
17033,"34.03948,-118.261337"
17753,"34.048734,-118.254406"
15177,"36.719695,-121.655533"
11533,"37.896576,-122.06005"
13840,"34.420791,-117.294001"
14726,"34.280992,-119.291395"
16590,"36.330314,-119.29245"
15431,"37.898087,-122.06009"
10451,"37.493082,-120.874291"
8222,"34.890842,-116.999307"
17624,"40.158323999768,-122.227879"
15194,"32.795115,-116.962754"
91231,"34.0458831787109,-118.251289367676"
7374,"34.426896,-117.376488"
14779,"38.017536,-122.136373"
15728,"36.916672,-121.773008"
1006996,"38.6766738891602,-121.74626159668"
12528,"40.410457,-120.636086"
15162,"36.658075,-121.659412"
14486,"37.369932,-118.395656"
16851,"33.777141,-117.866825"
15468,"37.927435,-122.061127"
16326,"39.4349,-123.80579"
8245,"33.937207,-117.557051"
15622,"37.3012351989746,-120.482307434082"
9034,"34.001127,-118.482494"
9027,"34.035196,-118.685088"
18220,"34.034313,-118.693126"
17350,"34.473696,-117.347932"
18703,"37.63334,-118.971535"
8808,"34.176228,-119.215753"
16376,"33.885188,-118.409891"
8239,"36.603015,-119.460394"
11612,"38.637533,-121.329612"
15813,"37.797711,-122.401101"
8093,"37.983864,-121.346664"
7473,"37.999772,-121.289487"
17768,"33.554134,-117.670731"
15945,"37.71163,-122.162478"
11307,"33.985986,-118.443085"
15997,"33.761342,-118.114308"
6863,"32.74339,-117.198209"
13383,"37.762911,-122.410427"
13881,"37.77663,-122.41741"
16642,"33.757371,-116.391563"
9031,"37.787458,-122.40131"
15048,"33.678392,-117.849879"
12628,"33.946481,-118.384511"
14475,"33.616652,-117.879945"
17845,"38.606717,-121.268371"
12431,"32.708125,-117.16575"
6972,"37.601194,-122.370241"
17724,"37.785141,-122.404703"
17747,"33.835783,-118.349965"
14240,"34.178498,-118.603603"
9227,"37.478685,-122.185903"
14841,"36.75789,-119.80156"
12668,"37.378644,-122.046436"
16589,"37.77573,-122.446276"
16802,"37.388271,-122.030288"
13323,"34.445477,-118.553231"
9209,"37.428336,-121.92099"
66227,"34.237512,-116.060167"
15016,"37.671468,-120.99577"
10946,"33.887347,-117.520937"
11347,"32.614735,-117.0262"
11488,"34.083427,-118.356145"
8888,"34.049213,-118.260526"
11051,"33.192251,-117.253852"
19320,"33.146648,-117.241289"
11133,"38.461796,-122.71738"
11709,"37.452207,-122.183881"
11569,"37.389108,-121.983262"
7334,"36.6281,-119.68256"
17686,"32.937694,-117.113636"
8640,"37.292769,-121.913235"
15965,"37.304109,-121.914123"
15894,"33.689561,-117.893546"
12170,"34.027051,-118.501789"
1006845,"32.6606178283691,-117.105499267578"
15797,"37.602957,-122.394614"
14393,"34.075593,-117.558278"
17059,"34.266932,-119.246173"
9127,"37.43478,-121.900493"
90545,"35.334644317627,-119.073234558105"
17701,"35.338443,-119.033491"
16886,"32.915379,-117.120836"
13682,"32.907048,-117.172398"
9125,"32.913849,-117.145956"
7923,"33.775185,-118.137605"
12350,"32.879123,-117.163714"
18469,"37.373152,-122.087828"
11468,"37.672485,-122.086169"
11907,"37.528153,-121.918591"
12669,"33.226605,-117.331428"
7379,"37.557102,-121.95175"
8173,"33.127495,-117.093701"
17315,"37.60842,-122.022928"
1006873,"32.7722625732422,-117.250968933105"
18664,"32.838393,-116.99583"
6584,"35.441239,-119.077079"
9161,"37.697779,-122.462967"
11956,"33.613797,-117.680312"
15906,"33.653188,-117.646654"
16775,"38.713293,-120.838983"
89066,"33.924053,-118.197702"
14854,"37.690701,-120.995339"
8966,"37.9453,-122.5233"
8936,"37.530058,-122.290324"
8826,"34.140448,-118.012973"
12670,"37.386196,-121.960905"
90144,"33.0395812988281,-116.873985290527"
9358,"34.419908,-119.699476"
91071,"34.0867767333984,-117.693626403809"
15842,"34.09022,-117.689147"
8995,"37.521598,-120.880441"
11596,"34.036354,-118.083971"
15254,"34.421719,-119.650181"
7535,"33.800045,-116.387959"
7116,"33.720752,-116.391295"
17317,"37.289773,-121.847939"
1008975,"37.7901763916016,-122.402053833008"
17063,"36.292198,-119.314293"
90103,"38.6788520812988,-121.265228271484"
17062,"36.319224,-119.314204"
16022,"34.279457,-118.873106"
9895,"38.037365,-121.256848"
9234,"37.879064,-122.182233"
16113,"37.857193,-122.124382"
8148,"33.935637,-117.178984"
12175,"37.112508,-121.643594"
7375,"34.085755,-117.669704"
9606,"34.019986,-117.667219"
8806,"37.390821,-122.094722"
1010155,"34.2599182128906,-118.313056945801"
1008995,"34.0483055114746,-117.242301940918"
11629,"33.851451,-117.999226"
7242,"37.53312,-122.00131"
12343,"37.535872,-121.998736"
15463,"37.044871,-122.026886"
11870,"35.393067,-118.966966"
14535,"37.895147,-122.104785"
9730,"34.049355,-117.309547"
11577,"37.993149,-122.119433"
18541,"33.629998,-117.705055"
10371,"37.783947,-122.407158"
115369,"34.1578636169434,-118.634773254395"
15012,"37.594984,-122.385842"
7233,"33.555206,-117.188034"
11209,"40.799256,-124.147161"
17196,"37.370936,-121.917197"
7471,"40.57769,-124.146416"
12758,"34.085445,-117.870901"
8738,"37.691417,-121.773579"
16876,"38.250357,-122.62881"
11364,"38.288876,-122.033728"
10208,"37.770193,-122.403462"
17634,"38.258485,-122.033574"
16823,"38.323135,-122.301925"
7398,"38.181671,-122.254322"
6397,"36.3009,-119.78249"
14843,"34.022668,-118.439009"
9247,"34.03105,-118.400976"
13832,"32.80295,-117.006341"
68157,"32.689711,-117.202294"
18706,"32.681199,-117.122719"
69543,"34.055609,-118.245436"
14945,"38.581066,-121.494841"
89220,"37.5514183044434,-122.050186157227"
14365,"34.183865,-118.92193"
8912,"33.704327,-117.93416"
11810,"37.526832572638,-122.00360960528"
18466,"32.746966,-117.250754"
8624,"33.662431,-117.897138"
6358,"33.606923,-117.827621"
14396,"33.135588,-117.12151"
11447,"34.235319,-118.485898"
12068,"33.071479,-117.066961"
18639,"37.728975,-122.194352"
15662,"37.406467,-121.94176"
15719,"33.240716,-117.293474"
14705,"37.383034,-121.895624"
8672,"34.160507,-118.82431"
16552,"34.256423,-118.536089"
90552,"34.2387351989746,-118.556053161621"
14645,"38.642907,-121.456358"
1005620,"36.5981407165527,-121.874641418457"
16374,"33.802585,-117.229375"
1007204,"38.3666839599609,-121.962875366211"
11708,"37.797715,-122.396966"
13240,"37.698533,-121.048164"
13768,"37.661675,-121.004042"
16325,"38.698829,-121.18987"
11624,"34.2111,-118.840356"
9350,"37.938494,-122.024175"
15923,"34.155709,-118.346967"
7309,"37.71675,-122.208589"
10881,"37.71675,-122.208589"
7675,"37.71675,-122.208589"
17775,"37.716343658215,-122.208589"
89075,"34.045153,-118.260353"
11132,"33.948726,-116.977192"
7077,"37.710987,-120.958101"
91203,"37.6705551147461,-120.957626342773"
14806,"37.732661,-120.957665"
16205,"37.80396,-122.274449"
14070,"37.25152,-121.862327"
11625,"34.019695,-118.454751"
16269,"33.207562,-117.28546"
17716,"33.19182,-117.359375"
9773,"33.22689,-117.30534"
16577,"37.775465,-122.413439"
13442,"38.275947,-122.668105"
7906,"38.500171,-122.750396"
8259,"33.495595,-117.151462"
18296,"36.065422,-119.038441"
12510,"35.412619,-119.058429"
18099,"36.064624,-119.016163"
18659,"34.045022,-118.263944"
1007343,"34.0106582641602,-118.491561889648"
1007345,"34.0246086120605,-118.220031738281"
12148,"34.04316,-118.431672"
18564,"40.587793,-122.392596"
11795,"34.039857,-118.253353"
11068,"32.628593,-116.965745"
12165,"34.059476,-118.389593"
15424,"37.79413,-122.394795"
13331,"34.038106,-118.440928"
17298,"33.842777,-117.533021"
91072,"34.0739860534668,-117.552139282227"
11990,"34.060634,-117.182811"
9974,"33.672594,-117.911478"
15949,"33.7882,-117.852464"
17260,"33.787633,-117.853645"
12118,"37.313967,-121.794017"
15183,"33.859337,-117.959595"
91333,"33.8583831787109,-118.030502319336"
16556,"37.88431,-122.191788"
18492,"33.504478,-117.65381"
11813,"33.583449,-117.632236"
10309,"33.581922477184,-117.66538681133"
8043,"35.398067,-118.949374"
10784,"37.767065,-122.39366"
15907,"32.794437,-117.254623"
14113,"33.98677,-118.22591"
113741,"34.1918678283691,-118.938110351563"
11109,"34.157437,-118.263244"
7007,"34.163372,-118.264786"
12191,"37.998859026888,-121.31328124844"
18428,"32.801524,-117.238432"
8666,"33.845363,-118.387054"
11613,"33.805165,-118.350737"
16266,"33.182511,-117.34074"
15800,"34.047223,-118.526011"
14853,"33.812758,-118.367619"
1005656,"38.6506805419922,-121.120796203613"
14039,"36.708925,-119.556074"
17074,"32.584707,-117.061218"
1008674,"34.3462295532227,-119.069694519043"
9662,"36.836037,-119.80765"
12445,"32.584653,-117.09216"
11485,"32.581330403687,-117.03299950998"
8651,"33.945193,-116.501742"
15171,"33.822917,-116.547045"
8233,"34.579537,-118.125038"
7272,"34.506867,-117.399712"
7008,"34.506721,-117.328038"
17032,"32.763558,-117.121596"
87151,"32.603733,-117.083711"
7244,"33.130837,-117.260548"
1006561,"33.1214370727539,-117.313919067383"
8739,"33.775292,-118.375402"
15453,"33.780001,-118.309538"
12932,"33.748818,-118.407142"
13432,"35.296189,-119.026969"
17799,"35.295626,-119.054989"
18483,"33.886568089325,-118.16159274327"
16363,"37.334374,-121.924099"
12295,"32.76357,-117.106618"
8667,"32.770825838008,-117.149702"
17124,"33.671846,-117.84581"
15535,"37.926405,-122.384931"
17592,"37.763977,-122.242714"
1007341,"37.4175872802734,-121.875785827637"
12067,"32.806073,-116.969512"
16307,"34.136012,-118.132483"
91131,"34.1445083618164,-118.144180297852"
16267,"34.144349,-118.132051"
11579,"37.333418,-121.887341"
15266,"34.156117,-118.759247"
9815,"33.85656,-118.11683"
12823,"33.810738,-118.115715"
14736,"34.189144,-118.64134"
9789,"33.724221,-117.987573"
15134,"33.585748,-117.657839"
14082,"33.722782,-118.07546"
15572,"33.615632,-117.900076"
17614,"33.485854,-117.72421"
14700,"34.031168,-118.843072"
18136,"33.466359,-117.703606"
15456,"34.143915,-118.699525"
17415,"38.350056,-121.976839"
17635,"36.765,-119.718475"
16578,"37.579788,-122.333368"
14852,"38.23466,-122.64075"
12480,"37.533829,-122.326343"
15540,"33.456965384,-117.60004974005"
16379,"34.054929,-118.38354"
17873,"34.048562,-118.338679"
87039,"37.796628,-122.395558"
11264,"33.898903,-117.494645"
6792,"38.511092,-122.781139"
16554,"33.770159,-118.192195"
8829,"37.991382,-122.30247"
13937,"33.874593,-118.08199"
13879,"38.221416,-122.128912"
10281,"40.574395,-122.416769"
11227,"32.678119,-117.082029"
13882,"32.655929,-117.065758"
8467,"38.781933,-121.286906"
116571,"38.7725410461426,-121.308685302734"
16549,"37.689126,-121.902329"
18216,"37.786349,-121.254171"
1005862,"38.4806938171387,-121.516670227051"
13310,"32.747853,-117.207231"
11315,"36.136324,-120.36462"
9037,"37.796768,-122.422095"
11860,"32.980408,-117.060457"
15154,"37.994158,-122.032145"
13935,"33.671214,-117.652867"
12316,"32.957751,-117.039574"
15063,"32.951227,-117.067431"
10551,"37.789077,-122.408428"
8721,"37.686937,-122.129804"
17316,"39.132407,-123.199126"
7470,"38.541753,-121.408406"
12359,"38.650195,-121.164128"
6663,"37.799245,-122.449533"
9166,"37.245825,-121.888456"
17297,"32.661146,-116.970662"
9499,"33.525539,-117.158815"
12822,"36.225116,-119.331478"
18704,"33.823612,-116.510086"
1007574,"33.8232078552246,-116.511604309082"
9690,"34.064673,-117.96761"
9599,"37.699278,-121.817519"
15459,"34.071223,-117.958942"
16530,"33.990397,-117.926569"
12757,"33.654329830207,-117.77857168055"
91224,"37.2800979614258,-121.999900817871"
9521,"38.013121,-121.890334"
11072,"37.823451,-122.004505"
1006128,"33.6312255859375,-117.912704467773"
1007468,"33.8176498413086,-118.062858581543"
1006816,"33.4902763366699,-117.697830200195"
1006763,"33.6860580444336,-116.268615722656"
7402,"34.069266,-117.209164"
1006809,"33.7619934082031,-118.114715576172"
1007389,"34.055118560791,-118.398178100586"
1006878,"34.0447731018066,-118.466659545898"
1006570,"33.9846153259277,-118.442771911621"
1006383,"33.6304244995117,-117.90650177002"
1006803,"33.0195426940918,-117.112373352051"
1007305,"32.7760963439941,-117.154121398926"
1006760,"33.8622703552246,-117.738456726074"
19393,"33.895871,-118.395931"
19458,"33.640006,-117.875123"
1007405,"33.8770904541016,-118.217697143555"
1006135,"33.7594795227051,-116.357864379883"
1006804,"34.0215263366699,-118.35514831543"
1006255,"33.1004180908203,-117.312156677246"
1007291,"34.1631813049316,-118.521072387695"
1006170,"34.163688659668,-118.256851196289"
1007284,"34.2647361755371,-118.525550842285"
1005349,"32.8657836914063,-117.233497619629"
1005502,"34.0339965820313,-118.44832611084"
1005158,"33.9797859191895,-118.439979553223"
1006569,"34.1489448547363,-118.132369995117"
15775,"37.431668,-122.201826"
116534,"32.7281799316406,-117.22615814209"
113680,"34.0279083251953,-118.473205566406"
113823,"34.1715545654297,-118.447357177734"
113438,"33.7604637145996,-118.394706726074"
1006777,"32.9542427062988,-117.232810974121"
1007469,"34.1509208679199,-118.448753356934"
1005300,"34.0627365112305,-118.444206237793"
15946,"37.519885,-122.275591"
6555,"33.845078,-117.224219"
9001,"33.925353,-116.901837"
14696,"37.33241,-121.912714"
16822,"33.021225,-117.073407"
12472,"33.018125,-117.062038"
18673,"33.023492,-117.081778"
10236,"33.513450595525,-117.10243725671"
16066,"33.504184,-117.14782"
11711,"34.16247,-118.314601"
12114,"32.95845,-117.124771"
16683,"32.951264,-117.107275"
12126,"32.745719,-116.931217"
1005719,"33.1317520141602,-117.205841064453"
8958,"34.174264,-118.30062"
8830,"33.648842,-117.584959"
8111,"33.72185,-117.826407"
9352,"33.734585,-117.81558"
8159,"33.775204,-118.152613"
18424,"33.818525,-118.385653"
16818,"33.892162,-118.29631"
7088,"38.111802,-122.568224"
15796,"37.485022,-122.231103"
11770,"37.519764,-122.251876"
11538,"32.872929,-117.21751"
13329,"37.756954,-122.252896"
12363,"34.167225440773,-118.9563995974"
17351,"33.767531,-118.191749"
16324,"37.411436,-122.094241"
12476,"34.24168,-118.535476"
11246,"34.195004,-118.535624"
6694,"40.43209,-122.287006"
9288,"37.990321814294,-122.33495728087"
1007347,"38.6700706481934,-121.161720275879"
11851,"34.274848,-118.564311"
10312,"34.028421,-117.760779"
12903,"38.343122,-121.995812"
12834,"37.397633,-121.92417"
1006982,"38.567138671875,-121.42748260498"
16471,"34.15739,-118.424415"
7453,"34.141571620102,-117.37558607386"
13841,"34.072439,-117.369893"
16880,"37.123426886602,-120.25939673735"
7399,"38.788387,-121.20648"
1010115,"37.8335342407227,-122.249404907227"
12933,"38.348719,-122.720247"
113920,"38.3492622375488,-122.710105895996"
13295,"35.293767,-120.672487"
17754,"32.736301,-117.217055"
116630,"34.2209892272949,-118.502151489258"
7599,"38.081169,-122.193032"
7608,"33.901768,-118.125681"
17357,"33.903022,-118.255055"
11575,"33.902274,-118.383552"
87720,"32.726814,-117.227316"
8008,"33.89826,-118.006719"
9292,"33.901352,-118.366682"
17939,"33.904406,-118.388484"
16372,"38.562213,-121.494015"
65920,"33.95983,-117.593089"
6916,"33.902634,-118.054802"
1010006,"33.902416229248,-118.09928894043"
11836,"33.901747,-118.374064"
13420,"35.383884,-119.104689"
17261,"35.38327,-119.148121"
1005714,"34.1422805786133,-118.073234558105"
11806,"34.074829,-118.072703"
9020,"38.742749,-121.252189"
9380,"38.761282,-121.249868"
7089,"34.128536,-117.83023"
13282,"33.878518,-117.965612"
10025,"34.521065,-117.322503"
15924,"38.546552,-121.760903"
9111,"38.578223,-121.487664"
14590,"37.756933,-122.252902"
7153,"40.45297,-122.288374"
18048,"38.94251,-121.091826"
8631,"38.054593,-122.155572"
91750,"37.881519317627,-122.269966125488"
7963,"38.656689578069,-120.97112021026"
9450,"37.280441,-121.950067"
17872,"33.679436,-118.00331"
10331,"36.53824,-121.90778"
6725,"37.696194,-122.07417"
9524,"39.762128,-121.822741"
17774,"37.966078,-121.991058"
65861,"37.700509,-122.482913"
7267,"38.560963,-121.766013"
18060,"36.597753,-121.850336"
9847,"38.457038,-121.838962"
6699,"37.704205,-121.87235"
17359,"37.705078125,-121.927398681641"
6560,"33.810966,-118.109439"
8095,"38.453486,-121.370154"
10614,"38.665096,-121.223983"
17129,"38.664745,-121.308426"
9621,"38.271858,-122.053209"
12576,"36.93817,-121.77717"
8643,"37.532467,-121.95763"
17924,"39.23792,-121.03418"
17734,"38.50193,-123.000382"
10502,"37.679154,-122.084254"
17740,"38.609119,-122.873642"
6562,"34.032819,-118.122654"
8647,"36.838593,-121.391443"
11018,"39.048572,-122.925463"
18262,"37.6979866027832,-121.74275970459"
9972,"37.680289,-121.777281"
7796,"38.117665,-121.305889"
1007483,"37.3791122436523,-122.118797302246"
17416,"38.370975,-120.799576"
17472,"37.958099,-122.093511"
7042,"37.450838,-122.178861"
8471,"37.899345,-122.515013"
13934,"35.3676,-120.844175"
17933,"37.433107,-121.897331"
14599,"37.670847,-120.995675"
8332,"37.836061,-122.128638"
7196,"37.403026233462,-122.07904399865"
9406,"37.552265,-122.049014"
17332,"37.75407,-122.488791"
10829,"38.062328,-122.533141"
20001,"36.604656,-121.92067"
18626,"37.650157,-122.491863"
8154,"37.58261,-122.484004"
17681,"33.628048,-117.634401"
7279,"38.016138,-121.943263"
9653,"37.948643,-122.059731"
9976,"37.934228,-122.072413"
6686,"38.762347,-120.576924"
7965,"36.79207,-121.664316"
18236,"38.5944747924805,-121.292419433594"
17026,"40.57154,-122.352439"
18120,"40.5750389099121,-122.383010864258"
11338,"38.803091404095,-121.27395712925"
9841,"38.347796,-122.708547"
13277,"33.563483,-117.646275"
8139,"38.594414,-121.386656"
17352,"38.686452,-121.339759"
18284,"36.712476,-121.652524"
9404,"37.74374,-122.438769"
7701,"37.782999,-122.431552"
8048,"37.293705,-121.911078"
9563,"37.260392,-121.875191"
8118,"37.219817,-121.861124"
7013,"37.309751,-122.012288"
7957,"37.686185,-122.138301"
12404,"34.863882,-120.417332"
9525,"37.723684,-122.154799"
7618,"37.555893,-122.27548"
7012,"37.970306,-122.529392"
7795,"38.008759,-122.548483"
6771,"37.774574,-121.922129"
7500,"37.394882,-121.9462"
17765,"37.338166,-121.974929"
10911,"36.96159,-122.044284"
8468,"38.465916,-122.652917"
7954,"38.451851,-122.752242"
113976,"32.7121200561523,-117.151924133301"
10744,"37.280872,-122.031484"
8184,"37.046672,-122.030153"
16967,"38.292407,-122.467919"
10398,"36.98622,-121.963422"
15740,"38.945286,-119.967193"
18263,"37.962471,-121.337966"
8074,"37.373105,-122.056914"
8026,"37.356679,-122.017299"
18370,"39.326825,-120.206583"
6855,"37.52088,-120.882815"
16756,"34.032754,-118.494233"
1005299,"35.2821044921875,-120.655029296875"
8053,"39.144071,-123.205916"
7953,"37.587901,-122.020106"
7947,"38.084578,-122.210204"
8627,"38.125532,-122.227115"
7384,"39.403478,-123.349901"
9403,"38.551323,-122.806385"
18532,"37.850315,-122.033849"
11451,"37.987814,-121.784412"
15007,"36.979642,-121.906654"
11936,"37.519886,-122.275589"
7592,"33.096882,-117.199692"
14730,"37.373848,-118.39553"
15426,"37.924041,-121.721634"
68424,"37.576158,-122.347186"
20101,"37.29316,-121.96651"
18121,"38.63817,-121.326375"
17668,"39.735355,-121.83438"
14043,"37.953752,-121.953734"
15005,"37.978372,-122.028553"
12406,"37.928072,-122.518115"
1007289,"37.3374977111816,-122.032409667969"
9266,"33.765006,-118.310126"
12201,"37.798223,-121.918061"
12490,"38.541249,-121.724967"
65667,"37.923207,-122.316211"
17876,"38.711253,-121.084114"
12466,"38.424015,-121.446151"
68462,"40.780464,-124.139031"
8870,"38.649072,-121.165433"
14005,"37.48992667689,-121.9276110972"
16900,"37.545014,-121.98885"
15004,"37.013737,-121.58927"
12833,"34.443213,-118.511436"
13095,"39.23899,-120.03595"
11331,"37.892812,-122.119418"
16177,"33.566350943783,-117.71335650191"
11267,"38.878253,-121.294324"
65899,"37.231307,-121.979812"
18193,"37.797042,-121.192121"
1005288,"37.603458404541,-122.394439697266"
9372,"37.128801,-121.636838"
11728,"37.113028117498,-121.639409877"
16651,"37.372393,-122.088318"
14169,"33.551234,-117.138815"
116445,"37.4022483825684,-122.11287689209"
18570,"38.321353,-122.301856"
16296,"38.657388,-121.524709"
12210,"38.10407,-122.571319"
10806,"37.801195,-122.215642"
89877,"38.2788276672363,-122.680625915527"
16094,"38.714055,-120.840206"
86952,"37.971249,-122.061505"
8658,"37.675108,-121.874707"
69558,"37.657955,-121.898177"
16799,"34.241008,-118.267555"
15054,"40.576487,-122.385233"
16835,"37.484463,-122.230466"
16318,"38.741973,-121.228587"
11495,"38.777420861136,-121.2912916096"
13086,"38.731098,-121.271264"
14795,"38.794124,-121.330303"
13798,"38.567884,-121.485862"
13681,"38.571675,-121.464765"
9339,"36.69911,-121.620617"
15789,"37.98062,-122.564458"
15599,"33.595657436356,-117.2417561185"
11472,"37.766586,-122.409411"
12356,"37.776789,-122.393907"
11053,"37.769007,-122.427668"
15056,"37.26688,-121.83305"
9719,"37.252662,-121.908205"
14881,"37.773322,-121.976363"
16317,"37.345384,-121.936551"
18596,"38.450545,-122.691217"
14235,"38.463105,-122.717209"
16933,"38.40457,-122.826896"
10745,"33.108862,-117.105691"
10877,"37.972953,-120.367412"
9337,"38.00871,-121.321242"
19307,"37.365901,-122.032367"
10495,"40.410362,-120.636483"
14725,"37.740118,-121.450111"
13951,"38.362781,-121.962717"
13693,"37.925948,-122.015353"
12743,"37.898131,-122.056855"
11888,"37.928286430874,-122.039530617"
7808,"36.659144,-121.646461"
9451,"34.107541,-118.023491"
1005893,"32.7294502258301,-117.19921875"
116466,"37.4027786254883,-122.112281799316"
8811,"37.506516,-122.260987"
9767,"37.323664,-121.913973"
12164,"33.458829,-117.651373"
16412,"32.70753,-117.163801"
14044,"32.70753,-117.163801"
12410,"32.706319,-117.160637"
8816,"34.106436,-117.826072"
14865,"33.0218238830566,-117.282066345215"
11998,"35.47559,-120.656516"
12417,"37.300556,-121.771908"
10027,"34.371933,-118.51632"
8229,"34.186849,-118.317872"
11299,"34.062997,-118.089994"
113977,"35.3830642700195,-119.018775939941"
17603,"33.497798,-117.662067"
16028,"35.279851,-120.661729"
8104,"38.122266,-122.602929"
18426,"34.122528,-118.105267"
11715,"37.562891,-122.324003"
15460,"38.571603,-121.48787"
15071,"35.318816,-119.090161"
6565,"37.965438,-122.34454"
12474,"37.901321,-122.299702"
11078,"38.0133,-122.2756"
8902,"37.928679,-122.321303"
1008982,"37.9614486694336,-122.326843261719"
12667,"37.954235105019,-122.33193937427"
16551,"37.973292,-122.528379"
1005496,"32.7294502258301,-117.19921875"
11411,"32.729509,-117.195826"
12312,"32.729509,-117.195826"
9749,"35.38219,-119.146356"
12119,"34.048222,-118.49122"
1006645,"34.4266624450684,-118.425254821777"
17874,"33.699844,-117.739897"
1005887,"37.9441184997559,-121.739410400391"
17930,"33.77400291392,-116.997747"
18431,"37.793628,-122.401388"
14591,"33.852073,-117.788221"
91221,"34.0769729614258,-118.039833068848"
15262,"37.351794,-121.967752"
11582,"36.973927,-122.02641"
16430,"33.924898,-116.945077"
17875,"37.230309,-121.979745"
16486,"33.6531,-117.5912"
10217,"34.032728,-118.47534"
15200,"34.091007,-118.361711"
12058,"34.090396,-118.344296"
15441,"34.047554,-118.445226"
13311,"34.040344,-118.463325"
15267,"38.440994,-122.712029"
10031,"38.41244,-122.712924"
18378,"38.417403,-122.712647"
13291,"33.611154,-114.604381"
16703,"38.439752,-122.717512"
11905,"37.238103,-121.830937"
9192,"37.320945,-121.949126"
14622,"37.25872,-122.032324"
1007021,"37.319881439209,-121.973083496094"
16646,"37.544599,-122.292783"
7908,"37.308665,-121.97792"
8261,"34.207734,-118.509609"
15799,"37.854912,-122.479229"
9791,"34.17147,-119.177138"
16614,"33.910063,-117.865477"
9173,"32.935523,-117.099187"
12977,"32.771433,-117.069722"
14116,"32.772279,-117.071411"
18258,"33.759595,-118.077575"
11811,"33.782106,-118.071574"
6559,"33.956091,-118.395951"
13835,"33.826438,-118.359426"
15532,"33.807957,-118.272805"
11627,"33.922874,-118.395938"
9729,"34.234621,-118.467262"
16101,"34.160118,-118.344731"
15788,"34.153629,-118.465792"
15167,"33.809793,-118.290023"
113207,"34.0068740844727,-118.412544250488"
8972,"37.667694,-122.468413"
14343,"37.785789,-122.396738"
113925,"37.615650177002,-122.388954162598"
10905,"37.62261,-122.37804"
20217,"37.62261,-122.37804"
9420,"37.423791,-122.198047"
11754,"36.808216,-119.84682"
9385,"34.144144,-118.700251"
12057,"36.808735,-119.7822"
13433,"36.80866,-119.74071"
90093,"36.8083381652832,-119.828384399414"
9805,"33.946424,-118.39094"
10725,"34.201057,-118.406906"
15794,"34.15097,-118.452183"
14071,"34.201435,-118.46818"
16682,"36.77992,-119.78749"
1006949,"38.5273323059082,-122.78865814209"
12060,"34.241742,-118.559086"
13249,"32.976897,-117.089143"
16529,"36.849271,-119.790638"
9908,"36.847888,-119.790298"
14899,"37.881263,-122.525292"
7373,"37.415752,-122.077698"
17714,"36.517883,-119.557381"
9502,"34.049053,-117.43525"
15905,"34.162443,-118.052837"
17607,"34.150141,-118.078959"
16422,"36.807985,-119.696469"
11906,"37.288228800556,-121.78117543173"
11365,"33.80777,-118.272137"
16476,"38.323901,-122.286952"
19031,"37.363686,-121.922408"
19035,"37.363686,-121.922408"
18802,"37.370217,-121.929799"
15060,"33.975382,-118.124311"
8258,"33.988944,-118.213774"
18517,"38.693416590854,-121.58978857455"
68316,"38.693405,-121.592086"
68202,"33.680456,-117.860313"
68203,"33.680456,-117.860313"
11846,"34.001113,-117.734389"
69679,"33.680456,-117.860313"
10903,"32.677531,-117.116188"
16795,"32.995066,-117.258915"
12168,"37.891466,-122.279956"
15053,"38.2586,-122.053911"
7661,"38.000278,-121.842272"
15627,"36.873579,-119.741062"
15015,"38.12137,-122.256605"
12663,"38.299584,-122.475516"
7577,"38.268848,-122.643075"
1005374,"38.5773468017578,-121.485740661621"
13257,"33.961715,-117.695334"
9342,"37.972831,-120.367004"
14483,"36.976565,-121.900224"
16582,"32.893661,-117.203219"
12116,"38.283218,-122.27498"
12221,"33.858028,-118.115698"
16278,"33.872408,-118.352069"
12049,"33.857939,-118.303084"
16545,"34.064848,-118.39889"
11623,"38.911273,-120.0039"
13356,"34.114763,-118.150166"
13292,"33.843499,-117.574392"
18421,"37.791166,-122.391842"
9876,"33.6527,-117.7507"
17615,"32.75159,-117.20618"
1007185,"33.8101844787598,-118.105529785156"
14013,"33.758317,-118.02434"
12993,"39.198697,-120.234189"
70013,"39.198697,-120.234189"
11310,"33.803638,-117.887171"
13880,"38.814663,-121.25673"
89673,"38.7956733703613,-121.26554107666"
14876,"33.84696,-117.54253"
14080,"37.44362,-122.17187"
1007168,"33.8103218078613,-117.918014526367"
14368,"34.417503,-119.696805"
7609,"33.802929,-116.971709"
8366,"34.424072,-119.70577"
12154,"33.87548,-117.88988"
92307,"33.8506126403809,-117.888854980469"
13869,"33.79586,-118.10801"
12511,"33.729605,-116.972096"
9275,"37.32246,-121.994053"
16189,"33.475135,-117.684981"
14438,"37.52015,-121.990941"
9195,"35.355931,-119.061391"
11788,"38.559076,-121.46164"
16533,"32.808545,-117.115236"
16142,"37.695272,-121.928366"
9270,"37.727988,-122.476616"
17937,"38.427646,-122.741065"
15576,"38.407612,-122.741228"
8463,"37.33939,-121.842293"
9461,"37.35749,-121.818032"
11354,"33.131787,-117.059729"
15273,"37.898076291067,-122.51483039804"
15259,"34.143206,-118.397337"
15684,"34.15036,-117.47201"
16285,"33.812775,-116.544477"
16035,"37.356357,-122.017305"
17894,"38.729007,-121.271053"
16407,"38.663196,-121.27262"
14241,"33.817245,-116.529554"
11634,"38.58899,-121.265953"
1005543,"38.6133422851563,-121.270492553711"
11453,"33.372594,-117.254825"
11902,"36.835966,-121.390854"
18591,"34.09777,-118.365224"
9353,"34.097411,-118.322485"
11568,"34.09815,-118.343507"
9522,"38.246331,-122.020115"
11156,"34.077148,-118.264722"
1007094,"34.044864654541,-118.551605224609"
1007064,"34.0978355407715,-118.326438903809"
16065,"38.810294,-121.283086"
9649,"34.098113,-118.310712"
9667,"33.72959,-117.95488"
13332,"34.0957,-118.372111"
15661,"37.967962,-122.060756"
7291,"37.3397,-120.5946"
10676,"34.426812175663,-117.37685456446"
10679,"33.740551,-116.216688"
10674,"33.680035,-117.17539"
7635,"33.938059002434,-117.18970412575"
7289,"34.577765,-118.044394"
6493,"36.225523,-119.315333"
7634,"34.528091,-117.222654"
8867,"33.891129,-117.873377"
1006085,"33.1178131103516,-117.119537353516"
89974,"34.0533790588379,-118.253479003906"
9849,"34.47033,-117.292558"
91391,"32.7059860229492,-117.00936126709"
15705,"32.661118,-117.080094"
66438,"37.808247,-121.990989"
11456,"34.279343,-118.743325"
9906,"33.16281,-117.218571"
9168,"34.170689,-118.569989"
12475,"34.187712,-118.553726"
15748,"34.128663,-117.864773"
7298,"38.670107,-121.724246"
1006169,"34.0906944274902,-118.344078063965"
1006018,"37.7799034118652,-122.282180786133"
11587,"37.883533,-122.307753"
68204,"34.091465,-118.13624"
88962,"33.571734,-117.707334"
7297,"33.830864,-117.941993"
14366,"34.468291,-117.243081"
89885,"38.9425048828125,-121.09302520752"
19213,"34.13567,-117.907499"
11887,"33.679695,-118.003601"
19219,"35.339372,-119.035216"
20193,"35.383656,-119.10317"
10821,"35.349094,-119.12373"
10785,"38.672896,-121.274145"
11004,"33.918,-117.88743"
9474,"33.858712,-117.99966"
68155,"34.191654,-118.32995"
14345,"34.217168,-119.073141"
89778,"36.9757995605469,-121.96501159668"
8464,"33.843971,-118.263345"
8147,"32.711361,-117.155362"
9174,"36.808711,-119.71271"
11501,"33.67712,-117.986912"
7466,"33.808784,-118.286285"
1005935,"33.858470916748,-118.087982177734"
9804,"33.99916,-117.71948"
9471,"36.837664,-119.725677"
18807,"37.673175,-122.466381"
18064,"33.879794,-118.21946"
65467,"33.683138,-117.917195"
9831,"33.98533,-118.395724"
9312,"34.000768,-118.394531"
7221,"37.323966,-122.036422"
9700,"33.68256,-117.815759"
10925,"38.556313,-121.6962"
9971,"34.004565,-117.821656"
68320,"37.705553,-121.873534"
89240,"32.8181533813477,-115.569976806641"
18212,"38.650083,-121.062401"
8307,"38.426674,-121.415607"
20220,"33.06775,-117.26256"
66229,"33.11375,-117.099766"
91892,"33.0681381225586,-117.065155029297"
14178,"40.805569,-124.144039"
13289,"33.896981,-118.007925"
18372,"38.671481,-121.152948"
16147,"34.150635,-117.47096"
14454,"33.686073,-117.672455"
87038,"37.502119,-121.97081"
1007502,"36.8402557373047,-119.910675048828"
1005918,"33.8774337768555,-117.963432312012"
7258,"33.886691,-118.316845"
7640,"34.14359,-118.258064"
18210,"34.272224,-118.50414"
14188,"36.323627,-119.675863"
9816,"33.686121,-117.366687"
10681,"33.924167684832,-118.32574509547"
9973,"37.668181,-122.119826"
9405,"33.746005,-117.009022"
18401,"36.835453,-121.3896"
9476,"33.671225,-117.955725"
68195,"33.947296,-118.333168"
1005921,"33.6861305236816,-117.811584472656"
7259,"33.650474,-117.745136"
7636,"33.699999,-117.827352"
114059,"34.0752601623535,-118.37557220459"
11326,"32.743703,-117.04525"
91889,"34.0488891601563,-118.260314941406"
7296,"33.915876,-117.957592"
14187,"33.708557,-116.290081"
10330,"34.109734,-117.759688"
89774,"34.0630187988281,-118.443962097168"
9975,"33.689093618153,-117.34225768633"
7293,"37.8153,-121.2908"
9978,"38.871076,-121.302749"
13771,"37.701288,-121.746392"
14462,"38.11734,-121.303387"
11168,"33.789009,-118.318134"
10678,"33.877283,-118.165991"
7639,"33.816645,-118.181948"
68321,"34.142155,-118.22339"
7848,"34.023407,-118.373792"
7299,"37.056733,-120.871953"
14884,"33.888348,-118.395121"
6492,"36.667764,-121.810838"
9526,"33.975962,-117.555327"
7479,"33.6101,-117.66689"
65466,"33.606372,-117.688633"
18489,"33.992984,-118.445567"
12751,"37.687084,-121.05644"
8462,"37.713163959447,-120.95261757427"
7633,"37.157381,-121.654211"
9992,"33.599449,-117.175969"
16832,"38.322555,-122.307872"
113720,"38.2819938659668,-122.276504516602"
7295,"32.657178,-117.066548"
9250,"33.900963,-117.56271"
9202,"36.847176,-119.79068"
7040,"34.188116,-118.371356"
9109,"32.91548,-117.121943"
15059,"38.05169,-121.372978"
9480,"34.233912,-118.502537"
35538,"33.926086,-118.106735"
52016,"38.090036,-122.555624"
20033,"37.82892,-122.289904"
17370,"34.07568,-117.561429"
63178,"34.234354,-119.179804"
12671,"33.724546,-116.399411"
52014,"34.146828,-118.084137"
13770,"34.146821,-118.134529"
11248,"33.600186,-117.677954"
8633,"35.584284,-120.696994"
1005434,"38.2437438964844,-122.630867004395"
11370,"37.990665,-122.30719"
52078,"37.978933,-122.066449"
1006017,"34.0272979736328,-117.771812438965"
10680,"36.079281,-119.040952"
89236,"32.9803466796875,-117.060607910156"
11005,"38.594513,-121.284294"
66299,"34.106716,-117.57397"
10773,"32.738679,-116.938933"
16329,"33.179277,-117.297223"
8305,"33.64327,-117.59675"
14471,"34.072403,-117.20757"
9479,"33.869071,-118.357302"
14179,"37.474094,-122.21832"
7294,"37.932497,-122.327323"
68572,"33.948276,-117.382459"
1007734,"38.7916564941406,-121.240295410156"
16804,"38.348743,-122.72053"
1006188,"34.0745506286621,-118.072975158691"
20148,"38.896069,-122.3522"
15893,"37.78598,-122.439827"
14873,"33.803315,-117.837703"
18614,"38.746032,-121.254945"
14000,"33.991982,-117.919"
7050,"38.640904,-121.498792"
20222,"38.562763,-121.49852"
17371,"38.551115,-121.535248"
11070,"36.714523,-121.652866"
7109,"37.635972,-122.41878"
68199,"33.464443,-117.60344"
65858,"32.752268,-117.211677"
66376,"32.911241,-117.145874"
14732,"33.786961,-117.804195"
10677,"32.82193,-117.179085"
63174,"32.766956,-117.15124"
18161,"34.104018,-117.823645"
65800,"37.374207,-121.844912"
7049,"37.339363,-121.90456"
12647,"37.30775,-121.812636"
19212,"37.416418,-121.955911"
14176,"37.252217,-121.86046"
8470,"37.339636,-121.840726"
18211,"37.305054,-121.862934"
12424,"34.211885,-119.194687"
1008951,"37.2453689575195,-121.803840637207"
63312,"35.252819,-120.687927"
8629,"37.559085,-122.283687"
10682,"33.760448,-118.293303"
1006016,"37.9518547058105,-122.492874145508"
9249,"37.761879,-121.963884"
7152,"36.620892,-121.843143"
14442,"33.761397,-117.888102"
52114,"33.703617,-117.88576"
10857,"34.4482,-118.4214"
12672,"33.84512,-116.52858"
9633,"38.420685317523,-122.713326"
92309,"37.7846832275391,-122.403923034668"
1006015,"37.7820739746094,-122.447082519531"
19217,"34.272928,-118.799611"
52080,"33.949024,-118.16615"
18705,"37.37492,-122.03474"
7593,"34.190914,-118.934545"
9518,"37.757544,-121.459625"
16146,"34.132977,-117.640653"
14185,"38.360935,-121.962122"
8302,"34.585592,-118.149037"
13714,"34.420486,-118.561716"
68742,"34.17416,-118.46633"
1006180,"34.2132377624512,-118.459106445313"
6542,"34.269925,-119.249045"
10675,"36.359008693441,-119.29630228322"
9990,"33.132837,-117.227901"
18119,"33.170235,-117.21476"
6459,"37.904574,-122.064362"
7746,"36.91527,-121.774319"
7803,"34.073035,-117.885376"
14129,"35.616623667355,-120.680697"
6543,"34.033373,-117.912013"
1006427,"34.1912498474121,-118.62336730957"
1007499,"34.1816558837891,-118.820137023926"
7638,"33.745673,-118.012066"
8466,"33.942956,-117.996558"
14344,"34.167251,-118.584929"
9977,"34.191951873752,-118.60379556296"
9720,"39.145945,-121.632596"
14046,"34.063236,-117.43431"
12306,"37.369269,-121.920357"
8052,"33.038917,-116.876715"
1005938,"32.9665145874023,-117.089706420898"
10814,"35.034718,-120.48607"
17354,"35.131291,-118.466936"
1007286,"37.8560066223145,-122.25951385498"
11348,"34.277922,-119.212349"
13834,"32.628554,-117.040778"
15998,"34.259964,-119.234842"
11814,"34.26323,-119.22585"
7798,"36.84448,-119.666022"
12462,"34.041683,-117.798355"
12813,"34.048971,-117.171479"
8810,"38.007957,-122.54743"
9226,"38.249456,-122.03443"
1005882,"37.3444366455078,-121.932647705078"
13320,"34.074577,-118.376269"
12061,"33.780298970706,-117.890519"
116297,"34.2406845092773,-119.178932189941"
16846,"34.050095,-118.253138"
17767,"37.972081997961,-120.36528316006"
8675,"35.340185,-119.101796"
1006792,"37.9021263122559,-122.064979553223"
9219,"35.605773,-117.674374"
1005345,"34.1835327148438,-118.887367248535"
8469,"37.635972,-122.41878"
15253,"37.930371,-122.514578"
7166,"37.787362,-122.403182"
9024,"34.018384,-118.498912"
11827,"37.529733,-122.038273"
116305,"34.1787986755371,-118.85814666748"
16788,"32.822289,-117.101763"
17870,"37.768227,-122.232459"
18130,"34.069474,-117.261565"
11369,"33.89015,-117.323113"
12177,"34.152513,-118.345785"
18669,"34.157158,-118.605497"
14850,"34.250758,-118.606281"
16032,"34.192450079559,-118.60333438455"
11442,"40.71628,-122.926094"
18547,"33.837151,-118.355389"
14078,"33.841313,-118.285423"
8741,"33.803235,-118.328188"
90182,"32.8425636291504,-117.272277832031"
15258,"38.618526,-121.400901"
15993,"37.652198,-122.402008"
16641,"34.135097,-117.557228"
69034,"37.927435,-122.516493"
14451,"37.761411,-121.434439"
65669,"37.71184,-121.434607"
8157,"38.371170816296,-120.79959257963"
18142,"37.66453,-122.445493"
6700,"38.269688,-121.94847"
66363,"37.883143,-122.055785"
90069,"37.424129486084,-122.170860290527"
9015,"38.632086,-121.220199"
90142,"34.0217971801758,-118.281936645508"
16130,"34.10709,-117.611372"
12127,"39.327227,-120.205579"
11293,"34.283939,-118.440928"
12820,"38.640494,-121.510085"
17264,"34.157886,-118.378736"
14072,"36.74345,-119.773539"
14642,"37.322353,-121.825059"
18422,"33.74527,-117.817426"
12151,"33.760002,-117.828939"
11346,"33.854144,-117.836905"
15439,"33.823198,-117.835717"
89876,"34.8642616271973,-118.177017211914"
15464,"33.13145,-117.165048"
68197,"38.539857,-121.752102"
10845,"38.5406,-121.748159"
18358,"37.825555,-121.236307"
10742,"37.796617,-121.235314"
20070,"34.05507,-118.232759"
11720,"37.797642,-122.430404"
8858,"34.136296,-118.353108"
1009000,"34.1407623291016,-118.356750488281"
15533,"34.166958,-117.331482"
13278,"33.442863,-117.614167"
11308,"33.975959,-117.337276"
16279,"32.748739,-117.152304"
17030,"32.749531,-117.15378"
10673,"37.44675,-122.160561"
9845,"33.648479,-117.841188"
16737,"32.873564628153,-117.210535"
10564,"34.953261,-120.415986"
11158,"38.364482,-121.962957"
1008984,"38.3670768737793,-121.953269958496"
7880,"39.275057045179,-120.1197717783"
11519,"33.456531200446,-117.60334795218"
12167,"34.403266,-118.551965"
14036,"34.408,-118.579233"
17691,"33.909572,-117.852766"
16385,"34.41282198434,-118.562002"
12824,"34.413101,-118.559299"
16534,"34.391473,-118.573479"
12659,"34.078844,-118.114595"
12691,"34.063158,-118.01938"
13867,"34.02757,-117.836501"
1005936,"34.0097885131836,-117.859504699707"
16596,"32.980658,-117.249243"
11839,"37.325444,-121.944953"
11466,"33.132659,-117.061845"
8260,"33.88773,-118.029256"
9506,"33.816449,-118.029272"
6826,"33.848008,-118.028058"
87276,"33.781855,-118.02945"
9959,"33.945363,-117.454369"
10720,"33.882396,-117.36836"
14704,"37.790268,-122.422062"
7779,"34.214563,-118.448472"
12545,"32.961081,-117.153857"
18490,"33.759695,-116.297668"
14399,"37.717917,-121.724552"
13312,"34.027136,-118.392767"
9428,"34.188004,-118.912149"
12156,"34.14468,-118.412371"
11096,"34.147821,-118.42818"
1006924,"34.1668128967285,-118.588470458984"
9164,"34.152714,-118.460494"
10212,"34.168607,-118.615841"
8630,"34.425001,-119.288544"
13293,"34.099194,-117.81401"
18502,"34.140206,-118.368408"
65807,"34.17055,-118.54045"
6360,"34.17288,-118.556496"
16816,"34.205384,-118.218476"
7240,"34.215782,-119.00426"
1005414,"34.1680030822754,-118.32194519043"
15113,"34.10194,-118.291464"
1007346,"34.061695098877,-118.291381835938"
12066,"37.489713,-122.22469"
1007114,"32.9815521240234,-117.251258850098"
15009,"34.917878,-120.434784"
16821,"33.618677,-117.930157"
14076,"34.404578,-118.46651"
12493,"34.11209,-117.533461"
15954,"34.261863,-119.211839"
14702,"34.187879,-118.599373"
16915,"34.186449,-118.413449"
12448,"34.1914939880371,-118.328926086426"
16553,"34.17981,-118.877042"
16559,"33.159132,-117.351435"
14221,"34.068345,-117.927239"
1006217,"34.0065841674805,-118.475860595703"
16392,"38.609179,-122.871796"
7662,"34.064119,-117.610588"
15548,"34.027047,-117.611381"
11948,"38.091182,-122.554973"
16182,"37.688724431337,-121.05396069551"
12121,"37.679099,-121.778023"
11583,"37.958098,-122.093512"
1005631,"36.3115921020508,-119.315124511719"
12664,"33.219364,-117.225763"
10726,"33.844927,-116.47725"
68129,"33.760641,-117.88562"
11251,"34.272754,-118.692666"
13724,"33.200923,-117.244317"
90540,"33.6979331970215,-117.833930969238"
7483,"35.400251,-119.09087"
7541,"32.979995,-115.548899"
18049,"32.639253,-117.05091"
7444,"32.798887,-115.571578"
18371,"35.617706,-118.47757"
10783,"33.759776,-118.147131"
18050,"33.790551,-118.137446"
10593,"33.743727,-118.100435"
14878,"34.260879,-118.794982"
9991,"34.083722,-118.386627"
15144,"34.132925,-118.066385"
8465,"35.340185,-119.101796"
8649,"32.660509,-117.033947"
10964,"34.218145,-118.607022"
16652,"33.182539,-117.326274"
8878,"32.823878,-116.903352"
8639,"32.77879,-116.956831"
9981,"36.865864,-119.75707"
17766,"34.128838,-118.258095"
13285,"33.51361,-117.75403"
18065,"33.733373,-117.761494"
10597,"34.116526,-117.774863"
17130,"33.54666,-117.793538"
8056,"33.660534,-117.293728"
14600,"33.835137,-118.115422"
10807,"34.020761,-118.810042"
14717,"37.635302,-118.966267"
6875,"33.985192,-118.439397"
9449,"34.267788,-118.899173"
9902,"34.18851,-119.221703"
94435,"35.145450592041,-119.466697692871"
10915,"33.792342,-116.494369"
7203,"34.060161,-117.181456"
14478,"33.892834,-118.362248"
7278,"32.862504,-117.223711"
8648,"32.818351,-117.179035"
1006056,"32.5830726623535,-117.032585144043"
10329,"32.830364,-117.104045"
18701,"32.762177,-117.06535"
14531,"32.763963,-117.114532"
18344,"32.792321,-117.09646"
16108,"33.509906,-117.127032"
6815,"32.736887341475,-117.220683"
8637,"33.732889232613,-118.29325723041"
9400,"33.698351,-117.886942"
8013,"34.02775,-118.500081"
14477,"34.344157,-119.080696"
7852,"33.7712,-117.48209"
7964,"34.201648,-118.867262"
14639,"34.259272,-118.301617"
7257,"34.281957,-119.302375"
17735,"34.264416,-119.214119"
15143,"33.481918,-117.100519"
12881,"34.277289,-119.212729"
14640,"33.941095,-117.99423"
18285,"34.035183,-117.070204"
17741,"34.13639,-118.189348"
9402,"34.153341,-118.758626"
13695,"33.851276,-117.79226"
8185,"33.86757,-117.75636"
7809,"35.355039,-119.065006"
12744,"34.25092,-116.88412"
14312,"34.162446,-118.314526"
15771,"33.838668,-118.354766"
9401,"34.155106,-118.3457"
9750,"34.226032,-119.038176"
8308,"34.229573,-118.998402"
16438,"33.103397,-117.268567"
14236,"34.397671,-119.519404"
12747,"34.257164,-118.578384"
16397,"33.984607,-117.71263"
9245,"32.646014,-116.966434"
15006,"34.121464,-117.706665"
9894,"36.835962,-119.68505"
9391,"33.647717,-117.576452"
17671,"33.891309,-117.519954"
11275,"33.996832,-118.394214"
14022,"32.938704,-117.231722"
8246,"34.021796,-117.809502"
8309,"32.801095,-117.003886"
16439,"33.051325,-117.261213"
20134,"33.052298,-117.266458"
9751,"33.102899,-117.073522"
14392,"33.148571,-117.106348"
14395,"34.110657,-117.48866"
11330,"33.165924,-117.247734"
14108,"36.73573,-119.69799"
11234,"33.790382,-118.028435"
17674,"34.153507232666,-118.243850708008"
13698,"34.136234,-117.86082"
9336,"34.442303,-119.830864"
9651,"34.271866,-118.49975"
16839,"35.120938,-120.608242"
9397,"33.995388,-117.968124"
8821,"33.864937,-118.394035"
9407,"33.72984,-118.025505"
13254,"34.154008,-118.794545"
15042,"33.658243,-117.972817"
16640,"33.960257,-118.349168"
13124,"34.230013,-118.248845"
14772,"33.918419,-117.969029"
8884,"32.842066,-117.273017"
8953,"32.765038,-117.02442"
8027,"32.782484,-117.032756"
10076,"32.74634,-116.962906"
13868,"33.71522,-116.298188"
11266,"33.564689,-117.630891"
12326,"37.55219,-122.31384"
15142,"33.877483,-117.75262"
9622,"33.522875,-117.714189"
13696,"34.661522,-118.20234"
17725,"34.649116,-120.459039"
19442,"33.769293,-118.184991"
12745,"33.841027,-118.182765"
9398,"34.026617,-118.427083"
16222,"34.084362,-118.326967"
8885,"34.069621,-118.290523"
11845,"34.097044,-118.288006"
16595,"34.151142,-118.002463"
14787,"37.729511,-121.931381"
11672,"33.554301,-117.138535"
16632,"33.606962,-117.827616"
12077,"33.625955,-117.850184"
14711,"35.03637,-120.485825"
17642,"37.330448,-119.658624"
13939,"33.240831,-117.294618"
15135,"33.833122,-117.837669"
14126,"34.22188,-119.16142"
20223,"34.039577,-118.55437"
11633,"34.602873,-118.184338"
113922,"33.9162902832031,-117.326194763184"
16093,"34.17008,-118.11283"
9654,"34.135937,-118.15315"
52075,"34.146098,-118.101906"
7952,"35.623614,-120.660314"
8823,"34.133397,-117.614715"
11636,"33.785590623026,-116.406058"
11262,"33.63708,-117.590281"
14045,"33.95502,-117.389368"
13979,"33.976455,-117.557385"
14510,"33.775111,-118.375743"
15263,"38.568147,-121.467067"
15133,"32.751393,-117.217161"
12826,"32.957901,-117.125227"
14735,"32.935701,-117.098277"
11256,"32.801867,-117.238482"
9748,"32.807363,-117.116356"
14339,"32.830204,-117.20501"
15044,"32.915264,-117.144936"
16965,"32.951325,-117.246653"
14476,"32.75341,-117.129541"
87271,"32.749785,-117.168731"
14009,"33.570457,-117.714251"
12215,"35.250289,-120.642579"
14234,"33.132374,-117.206007"
14128,"33.721737,-118.30995"
11514,"34.422876,-118.563928"
1005710,"34.4267272949219,-118.425834655762"
14641,"34.026745,-118.489943"
9581,"34.017371,-118.489905"
13699,"32.837476,-116.988013"
8047,"34.427849,-118.534978"
8079,"34.273063,-118.678013"
11855,"33.589456,-117.70076"
12203,"34.270495,-118.785342"
15743,"34.279913,-118.762684"
18419,"34.286504462066,-118.71602177239"
8959,"34.11178,-118.150566"
17690,"34.144375,-118.395744"
12746,"34.168978,-118.534406"
13305,"34.210338,-118.840728"
12207,"33.804343,-118.328051"
17596,"34.107806,-117.653033"
13109,"34.39089,-118.572648"
17990,"33.587848,-117.721478"
13107,"34.271743,-119.259196"
9478,"34.471808,-117.29003"
9811,"34.158234,-118.63571"
69990,"34.41909,-119.704505"
12354,"33.620244,-117.923277"
7556,"37.523066,-120.881379"
1005809,"32.7542953491211,-117.223266601563"
11580,"37.335277,-121.89287"
16637,"36.312354,-119.347268"
15251,"33.70553,-117.786989"
15257,"33.575626,-117.702835"
15078,"37.491184,-121.929821"
18406,"34.151988,-118.336359"
11791,"34.1505,-118.340065"
14558,"33.742191,-116.303919"
14938,"34.168988,-118.112554"
14002,"33.570827,-117.233356"
14394,"33.679595,-116.295294"
15444,"34.022193,-118.39623"
8720,"33.991421,-118.446552"
8642,"34.048203,-117.305349"
91348,"37.4191398620605,-122.124885559082"
11729,"33.966892,-118.048117"
16067,"37.339571,-121.938608"
13317,"33.979666,-118.465363"
11243,"33.984481,-118.100127"
113998,"38.2384605407715,-122.635673522949"
9482,"38.575326,-121.382594"
14482,"38.643863,-121.382871"
16163,"38.613534,-121.382364"
17414,"38.65657,-121.38307"
16288,"37.779587,-122.275667"
15582,"37.252064,-121.879298"
18271,"35.353609,-118.914595"
8160,"33.864157,-117.740612"
15808,"35.126643741132,-120.59548445288"
9028,"34.188858,-118.642647"
14828,"34.088283,-118.379078"
14858,"34.084156,-118.385525"
12830,"38.677455,-121.800848"
11710,"34.039601,-118.429978"
16548,"38.752346,-121.309858"
8827,"33.956135,-118.395906"
18516,"33.759676,-117.852846"
16483,"37.2918891906738,-121.87890625"
8969,"33.72334,-118.312054"
1005782,"33.797534942627,-118.307159423828"
14352,"33.98901,-118.309936"
13417,"33.761986,-118.31082"
1008776,"33.7755393981934,-117.86979675293"
1006993,"32.769588470459,-117.147453308105"
15995,"37.29125,-121.989564"
15953,"34.1519,-118.825811"
8626,"37.700751,-122.483211"
11576,"37.300164,-121.950533"
13316,"37.219793,-121.861152"
9187,"36.704406,-121.667246"
9205,"34.059427,-118.444728"
12149,"34.048356,-118.435384"
8180,"37.607184402181,-122.06516817733"
14450,"35.317695,-119.054876"
1006578,"33.9481163024902,-118.003028869629"
91101,"34.0190696716309,-118.153511047363"
18491,"33.960443891525,-118.0324999603"
10531,"33.999192,-118.078923"
15027,"33.804118,-118.169935"
17061,"33.88954,-118.144093"
15435,"37.480189,-122.151126"
13942,"36.849963,-119.729724"
9022,"37.303795,-121.897268"
15536,"37.974098,-122.041704"
15904,"37.976515,-122.033764"
1006914,"34.0242118835449,-118.491676330566"
14637,"34.05211,-118.26323"
19370,"34.062508,-118.354609"
7232,"34.062443,-118.345269"
8668,"34.061907,-118.33892"
16134,"34.128899,-117.88329"
91227,"34.061450958252,-118.299522399902"
15618,"34.06073,-118.306143"
11305,"34.055928,-118.270336"
16033,"34.036049,-118.477694"
10216,"33.592594,-117.123785"
14776,"37.312986,-121.94975"
10971,"33.53953,-117.144325"
1010250,"33.5239410400391,-117.16178894043"
9133,"38.547999,-122.805425"
6664,"38.54845,-122.816279"
10572,"32.833901,-116.749557"
68125,"32.855257,-116.931094"
11477,"37.388862,-120.735749"
13871,"33.887684,-117.330405"
9652,"34.252415,-118.812815"
16185,"38.769151,-121.330543"
11957,"34.169144,-118.605384"
11258,"37.466428,-122.224423"
11787,"33.88809,-117.866776"
15538,"33.888229,-117.829467"
10820,"37.639577,-120.92549"
9344,"33.970592,-118.188383"
15643,"37.766164,-120.846958"
12526,"37.797043,-121.192117"
9278,"37.332533,-120.460132"
1008956,"41.7029876708984,-122.645950317383"
8634,"34.028415,-117.119274"
11562,"34.03467,-117.071892"
14220,"38.426334,-122.668154"
1005859,"37.4015502929688,-121.932907104492"
14354,"33.681474,-117.811756"
11570,"33.67151,-117.7894"
11571,"33.654454,-117.738427"
10477,"37.366079566566,-121.82803111538"
16378,"33.636883,-117.921528"
66442,"36.600732,-121.89409"
12583,"37.587198,-122.064953"
14851,"37.675124,-121.873919"
9473,"37.710046,-121.926593"
15534,"38.165453,-122.254667"
113917,"38.6489906311035,-121.350402832031"
15109,"33.859921601905,-117.79392573839"
15610,"33.798614,-117.920221"
16648,"33.788646,-117.914857"
9846,"38.706269,-121.326291"
12055,"33.759548,-117.833694"
11574,"37.966407,-121.782387"
16493,"33.689922,-117.87755"
15667,"33.637847,-117.591406"
13833,"37.978821,-122.295056"
6876,"34.472673,-117.243824"
6633,"37.344608,-120.6152"
16736,"34.123822,-118.056498"
10055,"37.905799509153,-121.22235055431"
1005783,"34.0306396484375,-117.593078613281"
9774,"34.071814,-117.593793"
17034,"33.634149,-117.916588"
1006773,"34.0232582092285,-117.508522033691"
17779,"38.596166,-121.392501"
8825,"38.60097,-121.427129"
15801,"38.595865,-121.364103"
15810,"37.279609,-122.031852"
13431,"33.945739,-117.386589"
11318,"33.9465,-117.396997"
10442,"33.946077,-117.416195"
89996,"37.9948692321777,-122.106132507324"
11316,"34.10693,-117.938589"
8843,"37.763719,-122.477464"
10443,"34.132698,-118.147755"
16268,"33.872563,-118.378862"
9189,"33.873005,-118.343002"
16041,"33.873155,-118.308849"
9907,"36.793465,-119.8727"
14400,"36.794181,-119.755861"
13719,"36.794304,-119.682669"
15733,"36.792225,-119.82627"
18546,"33.658481,-117.970136"
11224,"33.932017,-118.183349"
15457,"37.739591,-121.451307"
11138,"34.061043,-118.414938"
17031,"34.077117,-118.134113"
11280,"34.003004,-118.167135"
12037,"34.038379,-118.144542"
14077,"39.095129,-120.950246"
6904,"38.693898,-121.291667"
1005880,"38.9226875305176,-121.058967590332"
15996,"38.904149,-121.073914"
15568,"38.744864215284,-121.17103600567"
15550,"37.511246,-121.947944"
7115,"33.871835,-118.270445"
7079,"38.004002,-121.806169"
11237,"33.841631,-118.262325"
6677,"34.558252,-118.046611"
9608,"33.100147,-117.3119"
11476,"36.981439,-120.086151"
8622,"33.6814,-116.177"
1005687,"34.6750640869141,-118.147651672363"
13799,"34.674734,-118.167826"
9098,"33.772523,-118.372996"
15034,"34.601203918457,-118.143417358398"
14110,"32.904008,-117.100428"
12309,"33.85776,-118.36518"
7037,"32.747261,-116.962063"
18658,"32.771435,-117.069748"
10563,"34.035340492178,-117.91187234143"
9355,"33.65545,-117.701524"
18135,"34.285458,-118.50194"
16265,"33.606879,-117.889601"
10028,"34.07027,-117.97935"
11187,"32.773899711183,-117.02744265708"
10894,"34.080524,-118.152199"
18308,"34.072436,-117.881852"
11077,"37.789909,-122.394571"
18475,"37.294616,-121.93093"
15019,"34.121785,-117.574956"
14127,"34.120645,-117.202595"
15530,"34.121655,-117.51074"
8644,"37.805279,-122.414945"
89886,"37.3254432678223,-122.014381408691"
10429,"37.700712892249,-122.12457"
11650,"37.625755,-122.426002"
16115,"33.789407,-117.993304"
10573,"33.68781,-117.98845"
12305,"34.402152,-119.723166"
16535,"33.726368,-117.988656"
14302,"33.759148,-117.98942"
15828,"33.938599,-117.967429"
91334,"33.6574249267578,-117.987976074219"
7017,"34.470869,-117.340039"
12412,"34.469934,-117.351069"
17613,"38.940136,-121.095929"
17356,"37.360731,-120.594141"
14914,"33.808583,-118.124935"
91315,"33.7960205078125,-118.124862670898"
11947,"34.058748,-118.416168"
11712,"33.759873,-118.133773"
11723,"37.510623,-122.293647"
15913,"38.065975,-122.165209"
116429,"37.6566467285156,-121.900177001953"
16811,"37.231955,-121.774835"
7048,"37.373108,-121.872943"
17306,"34.923416,-120.426943"
13336,"34.07597,-118.344996"
12432,"33.998614,-118.055755"
15639,"34.076993,-118.383543"
9130,"38.577149,-121.480939"
14130,"34.018776,-118.107089"
9033,"34.070585,-118.402375"
13341,"34.066775,-118.410124"
15561,"38.653036,-121.12328"
8039,"34.250801,-116.884202"
15804,"33.918623,-117.901678"
11767,"38.674673294632,-121.27164312638"
13407,"33.64101,-117.854008"
9021,"37.798853,-121.921939"
6364,"37.800637,-121.919586"
7862,"38.054595,-122.155573"
17029,"36.81475,-119.79067"
17798,"33.982867,-117.339611"
15255,"37.249129,-121.857862"
1006916,"37.2354202270508,-121.913375854492"
12673,"37.250701,-121.865926"
15691,"37.235649,-121.96449"
10239,"38.800405,-121.294173"
8687,"38.654343,-121.179834"
15466,"33.740019,-116.410304"
7886,"39.100436,-121.616213"
12056,"37.385351,-121.927919"
10658,"37.312014,-122.031871"
9609,"33.744057,-118.015308"
8146,"33.722805,-118.041798"
15584,"32.669506,-117.02244"
13430,"34.106478,-117.806452"
15903,"32.644801,-116.999694"
1005455,"32.6483001708984,-117.058700561523"
10777,"40.529715,-122.381265"
8632,"36.694576,-121.595871"
9481,"37.503735,-121.97646"
12484,"37.328332,-121.966114"
8150,"34.443365,-118.510597"
16123,"34.426012,-118.5388"
9665,"32.820315,-116.961964"
15625,"38.558372,-121.336062"
8695,"33.917028,-117.900681"
16544,"33.9122880219,-117.88232665648"
1008641,"33.9151573181152,-117.887733459473"
15249,"34.053728,-118.466123"
14830,"34.064485,-118.4694"
13365,"37.560125,-122.281717"
10036,"34.041593,-118.262377"
12062,"37.42739,-122.149271"
9718,"37.66916,-121.032453"
16291,"33.690184,-117.890296"
14084,"33.701921125069,-117.88470213541"
9152,"33.773587,-117.884295"
1008976,"33.6680068969727,-117.883323669434"
6956,"33.71586,-117.884905"
1005572,"34.0398635864258,-118.472717285156"
16305,"35.249154,-120.643146"
13950,"37.800475,-122.273954"
1006619,"32.8077278137207,-116.958312988281"
16445,"37.786167,-122.409156"
7844,"37.811714,-122.267212"
15614,"32.631253,-117.089193"
8623,"36.203478,-121.136701"
11095,"32.71588,-117.169052"
14081,"37.585883,-122.365348"
9692,"32.742565,-117.030334"
92685,"34.0183181762695,-118.489776611328"
15465,"34.914088,-120.435434"
14186,"32.807271,-116.950822"
14014,"32.60636,-117.0801"
11946,"34.0593,-118.412792"
14006,"34.936903,-120.436435"
15260,"37.896062,-122.057567"
17222,"33.672838,-117.95344"
7842,"33.838376,-117.958658"
15594,"33.8178,-117.959199"
9356,"33.72958,-117.95369"
15443,"33.693884,-117.954464"
94724,"33.7782936096191,-117.958137512207"
1008872,"33.7599143981934,-117.954627990723"
13351,"34.062525,-118.447325"
11397,"37.82651,-122.209557"
16964,"38.458967,-121.413477"
9704,"38.390489515965,-121.41749742465"
9462,"37.998169,-121.873553"
17685,"34.17252,-118.447483"
18430,"37.579395,-122.346123"
11766,"37.788567,-122.422218"
116568,"39.1477584838867,-121.644470214844"
6941,"34.129638,-118.348506"
8876,"33.823496080255,-117.5154194301"
18676,"34.049756,-117.815724"
8918,"39.7264,-121.80117"
1005597,"33.8796653747559,-117.889678955078"
18625,"33.879803,-117.885233"
15434,"34.1551,-118.642934"
16502,"37.43556,-121.885799"
17060,"36.298453,-119.334084"
6678,"34.049159,-117.225702"
7946,"37.793062,-122.39976"
11230,"37.453707863651,-121.92110411798"
14083,"38.013407,-121.868112"
1007002,"34.2268676757813,-118.870880126953"
10972,"34.704169,-118.165055"
15666,"33.567038,-117.206556"
11953,"38.454746,-121.370967"
15558,"38.455521,-121.404825"
14827,"34.222201,-119.069785"
14085,"37.27071,-121.946278"
11069,"37.002428,-121.551274"
17929,"33.501644,-117.662558"
12235,"32.544048,-117.040563"
12819,"33.015983,-117.110862"
7182,"32.779813,-117.102808"
18556,"37.870446,-122.266046"
15011,"37.285271833086,-121.9785318836"
1005691,"32.7480583190918,-116.985069274902"
14367,"34.133568,-117.638131"
16029,"33.648685,-117.831347"
6828,"34.295819,-118.843767"
17606,"33.854041,-118.136447"
11801,"36.61614,-121.899234"
7376,"34.178939,-118.596746"
10209,"34.202798,-118.597512"
13352,"34.41593,-118.474837"
14844,"37.868869,-122.268201"
14617,"33.955845,-117.330214"
9517,"36.607897,-121.855659"
16475,"36.581984,-121.82849"
15980,"37.370636,-121.842248"
9222,"37.300208,-121.821867"
12575,"37.274853,-121.857502"
16443,"37.331025,-121.811955"
7995,"37.313194,-121.80817"
15841,"36.978104,-121.96638"
8819,"36.976989,-121.966436"
9503,"35.380878,-119.016164"
14839,"33.125067,-117.320171"
16505,"32.937451,-117.230332"
91289,"36.5383987426758,-121.909637451172"
8740,"32.981436,-117.07525"
8244,"32.920412,-117.214219"
12225,"33.941078,-118.048001"
17028,"34.133242,-117.616564"
15942,"34.394872,-119.513183"
14282,"33.831768,-118.297594"
1005891,"33.8317184448242,-118.074096679688"
12166,"37.75134,-122.431704"
11148,"37.387506,-122.083058"
8831,"37.695982,-122.078044"
15760,"37.694743,-122.086281"
10958,"35.776567,-119.251747"
16565,"36.86437,-119.757413"
9620,"34.076241,-118.380725"
10930,"34.13552,-118.257965"
6807,"33.971434,-117.689197"
14461,"40.940365,-124.101334"
11809,"34.032861,-117.689946"
16871,"36.329747167941,-119.65522167141"
7924,"35.641867,-120.687022"
1006808,"33.9883270263672,-118.257118225098"
8243,"33.874262,-118.247704"
11219,"34.026511,-117.689676"
12122,"37.664834,-120.957027"
11986,"33.870607,-118.059654"
1007141,"34.0587959289551,-118.240348815918"
9153,"34.675299,-118.114351"
8352,"34.173754,-119.161536"
13422,"33.787594,-117.867681"
12409,"33.787387,-117.814758"
11764,"37.973508,-121.302098"
15631,"33.789472,-117.892782"
1006552,"33.7878189086914,-117.836372375488"
7381,"37.421835,-122.096395"
9498,"32.780619,-116.956496"
1009982,"34.2652206420898,-118.523864746094"
12073,"34.25674,-118.580383"
13839,"35.368853,-119.01844"
15803,"37.800645,-122.43854"
1005362,"37.7613754272461,-121.959983825684"
12123,"39.728942,-121.840906"
16777,"37.287195,-121.945056"
17430,"37.28874,-120.454172"
14007,"35.634672,-117.669467"
16948,"34.011003,-117.735976"
10235,"33.994282503069,-117.75724020389"
8828,"35.293693,-120.670918"
16284,"37.836616,-122.295069"
16706,"32.629502,-117.087905"
12069,"37.768999,-122.427673"
6526,"40.589606,-122.351942"
14074,"38.729952,-121.289361"
9160,"37.794137,-122.396856"
9338,"34.005613,-118.152584"
9796,"34.087327,-117.89046"
11244,"37.553833,-121.975127"
11614,"34.283261,-118.718174"
12569,"32.811439,-117.200621"
1005373,"32.8347206115723,-117.187377929688"
14929,"32.83234,-117.166043"
16528,"32.829635,-117.203207"
16254,"32.831155,-117.130697"
12128,"34.095638,-117.717924"
13358,"34.849552,-117.082926"
18448,"33.977003,-117.459038"
14023,"37.964117,-121.990053"
13348,"37.953491,-121.955066"
7544,"33.6149,-117.26289"
18293,"33.599366,-117.176029"
16237,"33.595209,-117.243048"
8890,"36.73619,-119.700165"
14024,"38.658533,-120.972626"
18144,"37.15567,-121.650685"
9703,"37.143977,-121.664508"
8326,"32.71813,-117.134032"
1005688,"38.458797454834,-122.732597351074"
9648,"37.677763,-120.976245"
15111,"35.399401,-119.091573"
11265,"35.354468,-119.094268"
7091,"37.341369,-121.911566"
113667,"37.3503952026367,-121.922096252441"
15940,"33.986685,-117.869987"
87280,"33.250818,-117.300195"
17940,"33.18183,-117.294866"
16862,"32.744266,-117.053712"
8652,"32.696261,-117.132621"
10029,"33.690319877212,-117.34208533015"
14079,"37.752839,-121.141041"
18545,"34.146175,-118.115502"
15617,"34.027318,-118.474887"
1010159,"34.1459159851074,-118.152503967285"
15819,"34.139093,-118.215373"
1007625,"34.142578125,-118.23509979248"
14898,"34.145678,-118.141674"
8690,"37.433218,-122.128314"
7904,"34.158905,-118.28572"
16579,"34.127492,-118.444054"
91336,"34.161563873291,-118.289543151855"
13403,"37.979888,-122.05606"
12887,"37.978071,-121.992905"
13949,"36.700002,-121.620097"
16580,"37.948717,-122.059689"
14303,"32.830427,-117.153709"
10530,"41.761643,-124.198199"
7922,"34.444220305771,-118.5742860429"
13440,"34.459791,-118.534143"
15250,"33.600712,-117.872769"
9507,"32.74826,-117.131167"
15798,"32.686453,-117.180079"
13933,"38.334983,-122.67769"
1006936,"37.2486534118652,-121.802696228027"
14242,"33.757389,-116.391554"
13314,"37.928678158948,-122.03962887232"
20208,"38.66995,-121.72719"
15585,"33.792659,-118.331678"
7925,"34.019273,-118.334759"
9664,"33.924168,-118.325745"
11475,"33.823617,-118.328233"
11382,"34.047996,-118.23902"
7663,"34.039615,-118.33089"
9501,"35.616467,-120.658794"
1005539,"33.7282333374023,-117.836883544922"
8628,"37.777608,-121.972696"
15204,"33.567375,-117.636916"
18001,"37.594987,-120.992754"
17595,"33.570236,-117.832865"
20151,"37.658744,-122.061828"
10891,"33.778645,-118.113302"
17204,"33.778212,-118.113873"
16824,"37.784064,-122.40398"
12570,"34.102401,-117.296775"
69955,"36.650244,-121.793434"
91138,"35.2968978881836,-120.653266906738"
10668,"35.296078,-120.653038"
10766,"36.809662,-119.746419"
12756,"34.17915,-117.32654"
8096,"34.178093,-117.32818"
13940,"33.12623,-117.159615"
17672,"33.721853,-117.77099"
9131,"37.321992,-122.032782"
8106,"37.275599,-121.922664"
17616,"37.969939,-122.519307"
10961,"37.302754,-121.862897"
11473,"32.838899,-116.980309"
11790,"37.421657,-121.921577"
16235,"40.571375,-122.350909"
11405,"37.786082,-122.409115"
9026,"37.821929,-121.999832"
8846,"38.661637,-121.354726"
13364,"33.816167,-116.45743"
11122,"38.353347,-121.985992"
11269,"33.940286,-117.278735"
11626,"34.139778,-118.023892"
13345,"34.074707,-117.547294"
8638,"34.107704,-117.536502"
14219,"34.134529,-117.537245"
15454,"37.521477043887,-122.33429619079"
11079,"37.588934,-122.019285"
17360,"33.847785,-118.264379"
11816,"33.846718,-118.081894"
8103,"33.846863,-118.11607"
10231,"33.83353,-118.348778"
1009967,"33.832389831543,-118.349464416504"
16658,"33.426013,-117.611386"
16613,"33.070265,-117.070762"
16827,"32.959384,-117.264981"
14838,"32.953263,-117.2312"
18425,"36.583944,-121.896959"
8679,"36.686767,-121.800047"
87402,"34.237201,-118.588539"
15451,"34.257689,-118.469819"
6519,"33.974644,-117.837676"
11418,"34.001423,-117.811459"
89079,"33.811514,-117.915415"
15422,"37.808039198605,-122.26542015044"
1005896,"33.8108940124512,-117.918823242188"
14369,"36.743095,-119.77987"
9731,"32.766683,-115.532885"
14521,"37.873141,-122.510122"
16926,"37.46163,-122.137281"
12529,"38.744935,-121.274579"
10959,"33.927078,-118.383827"
12192,"38.740829,-121.226512"
90553,"38.7441520690918,-121.223625183105"
14107,"37.645226,-120.991163"
9838,"32.748678,-117.124976"
16377,"34.182518,-118.310715"
1006973,"33.8085594177246,-117.921867370605"
14086,"38.579943,-121.50042"
12125,"37.702337,-121.933819"
7885,"38.642637,-121.532827"
13444,"37.130052,-121.638192"
14751,"37.599212495104,-122.06913575435"
8791,"37.714827,-122.141685"
8835,"38.670638018561,-121.15742370144"
10213,"38.32901,-122.697523"
18553,"34.0534,-118.253473"
7129,"38.690124,-121.123658"
9647,"39.152012,-123.195542"
18146,"37.337402,-121.888401"
7693,"34.123976,-118.219269"
11486,"39.760493,-121.843689"
14391,"33.969181,-118.164182"
14075,"32.6481,-116.966658"
8674,"33.891165,-117.776244"
16283,"34.075356,-117.891695"
8351,"37.324426,-121.814053"
11944,"37.791747,-122.397528"
1005700,"33.7246627807617,-117.835021972656"
89148,"33.7298011779785,-117.99536895752"
18627,"34.92001,-117.917572"
9492,"38.052363,-121.375273"
12755,"32.768289,-117.053344"
15941,"37.352143,-121.936609"
13948,"37.41356,-122.125534"
12317,"37.352947,-121.997329"
15682,"37.368438,-122.035485"
17902,"35.526204,-120.702712"
16550,"37.811189,-122.243417"
11080,"37.635351,-122.420304"
13359,"38.612757,-121.496962"
11786,"37.490309,-122.240179"
14921,"37.477394,-122.223439"
52099,"35.486027,-120.664615"
9947,"33.723984,-117.79381"
14398,"33.08794,-117.26889"
18575,"37.352746,-122.007712"
14217,"37.954867,-121.290192"
7754,"36.54591,-119.399154"
18552,"37.764211,-122.456249"
14115,"33.1416,-117.094022"
16188,"33.71981,-116.382423"
16496,"33.608552,-117.731482"
15546,"38.408621,-121.391968"
7401,"38.407741,-121.449689"
14353,"38.40923,-121.3535"
9463,"38.422951,-121.373621"
16354,"38.713891,-121.366443"
1007463,"37.4478569030762,-122.126243591309"
12163,"37.829174,-122.281716"
116312,"37.429256439209,-121.909332275391"
13349,"37.788587,-122.400958"
11958,"33.051613,-117.261544"
8812,"33.040178,-117.292834"
13325,"33.065182,-117.265411"
16036,"34.160776,-118.510383"
15108,"34.157727,-118.491662"
15269,"33.112857,-117.100871"
14283,"33.121277,-117.085332"
10237,"39.746578,-121.851558"
12478,"34.233106,-119.178286"
10033,"37.787948,-122.251006"
8461,"37.42681,-122.143946"
14727,"33.788734,-117.94092"
17630,"33.84104,-117.94199"
8786,"32.709113,-117.08525"
1005856,"33.8599624633789,-117.941833496094"
92308,"37.7898635864258,-122.434036254883"
10185,"38.598371,-121.450745"
17934,"37.771656,-120.835427"
11049,"34.157476,-118.151001"
16280,"34.119822,-118.149884"
14753,"34.057977,-118.363745"
8097,"37.804496,-122.433759"
16932,"32.748481,-117.100702"
16309,"34.136273,-118.150208"
10981,"34.071462,-117.788214"
18176,"33.680715,-117.906373"
6982,"33.774265,-117.90264"
14920,"38.790525,-121.287334"
17103,"38.78415,-121.2714"
11255,"32.750044,-117.170272"
9304,"34.186874,-118.624358"
14607,"33.721949,-116.194444"
13313,"38.570475,-121.455987"
12487,"38.43395,-122.68725"
8832,"34.071758,-118.360775"
16542,"33.616224,-117.872406"
1005762,"34.1566963195801,-118.437400817871"
10928,"32.76943,-117.16847"
1010420,"32.7674598693848,-117.166549682617"
113325,"36.7668266296387,-119.719398498535"
10308,"36.641573,-119.762428"
14927,"33.101772,-117.075032"
6882,"36.808636,-119.80605"
89201,"37.4173698425293,-122.130615234375"
91220,"34.0185890197754,-118.281768798828"
1006975,"34.1148719787598,-118.18334197998"
11722,"37.790232,-122.433976"
12753,"37.783421,-122.432888"
16449,"33.92523,-118.104988"
11165,"33.952159,-118.163922"
12429,"33.935787,-118.12338"
13842,"33.955165,-118.219499"
17633,"33.912413,-118.082182"
63031,"33.921684,-118.098342"
7245,"37.5336,-122.293885"
91202,"38.2991981506348,-122.285552978516"
91222,"37.7896118164063,-122.397552490234"
10210,"36.808365,-119.77127"
16501,"35.135963,-120.625217"
18423,"34.43897,-119.75237"
14168,"34.0716,-118.068059"
11047,"32.779517,-117.015043"
11714,"32.80162405538,-117.00053873664"
15977,"33.747684,-116.996149"
8174,"33.747259,-116.980115"
12349,"37.789359,-122.406823"
7691,"38.496165,-121.435761"
16223,"38.547299,-121.393322"
9689,"34.106878,-117.592256"
8007,"34.133188,-117.907892"
17064,"34.237546,-118.261143"
18316,"34.106777,-117.451416"
7400,"37.679156,-122.084253"
8897,"34.107633,-117.704047"
13796,"34.113182,-117.763584"
15110,"34.136137,-117.871793"
14987,"37.791776,-122.398263"
15598,"34.107319,-117.665722"
13363,"34.151145,-118.002447"
17588,"34.106143,-117.568605"
11175,"34.119187,-117.781306"
94436,"34.0723266601563,-118.197601318359"
7290,"35.298719,-116.640823"
20491,"35.261367,-116.688982"
16540,"36.87295,-119.77715"
9132,"37.560272,-122.275275"
12413,"37.552611,-122.253844"
16547,"38.543407,-121.740009"
14709,"37.274789,-121.893215"
10554,"39.126987,-121.636102"
11317,"32.770592,-117.158149"
9795,"33.939018,-117.261793"
9775,"36.938587,-121.77797"
11300,"38.481518,-121.503176"
13362,"38.534684,-121.49445"
14759,"37.352819,-122.051331"
15939,"37.5671,-122.024025"
7830,"37.961413,-121.269794"
9948,"34.033606,-118.18422"
11815,"34.080427,-118.152128"
11595,"37.548818,-121.988066"
14170,"36.808735,-119.77572"
16470,"32.790976,-117.099279"
11487,"32.776244,-117.155014"
14866,"32.782744,-117.126136"
13836,"36.417848,-121.319782"
15827,"37.774365,-122.230338"
1005701,"33.9948844909668,-117.907043457031"
6971,"38.604067,-121.401754"
18456,"38.730797,-120.786866"
18499,"37.786564,-122.40814"
17936,"38.452091,-122.771616"
7009,"33.739891,-118.292107"
8822,"33.982333,-118.248954"
9124,"33.910668,-117.458231"
68796,"38.772194,-121.265839"
87642,"38.772194,-121.265839"
12222,"34.221031,-118.469056"
14243,"34.055371,-117.750356"
18515,"32.798728,-117.2451"
15567,"38.613505,-121.516628"
10428,"33.987247,-117.372566"
14956,"37.924883,-122.088126"
12071,"37.786916,-122.410827"
14037,"37.52037,-120.84855"
15989,"37.667684,-122.468401"
16888,"32.868837,-117.214187"
8834,"32.819989,-117.181767"
18134,"33.783049,-116.356457"
15469,"38.481333,-121.409252"
12209,"38.663043,-121.741101"
16477,"33.877517547582,-117.963255896"
12818,"34.015839,-118.496416"
13353,"37.023162,-121.56361"
14848,"37.014277,-121.585026"
16264,"34.146645,-118.254853"
12246,"34.104119,-118.258942"
10228,"34.116528,-118.262856"
12754,"34.14831,-118.24649"
18145,"34.19828,-118.326706"
11273,"34.1714,-118.28968"
15264,"38.625687,-121.264792"
15573,"33.490589,-117.698268"
16848,"37.760993,-122.434749"
14445,"33.524472,-117.686162"
1006339,"34.4183883666992,-118.502975463867"
1005311,"33.7032432556152,-117.937088012695"
12829,"33.772036,-118.007013"
15449,"33.679694,-118.003607"
16536,"34.442396,-119.830609"
11481,"38.362469,-122.693057"
16541,"35.3092,-119.092529"
8706,"36.341004,-119.34761"
14794,"32.851685,-117.215768"
15807,"37.826512,-122.252029"
12176,"34.257362,-118.49916"
12666,"35.120601,-120.606149"
10430,"33.919085,-118.41336"
9418,"37.655279,-122.410947"
11776,"33.997073,-117.716726"
11894,"37.788469,-122.434812"
15961,"37.790022,-122.405629"
14706,"33.662812,-117.296929"
7907,"38.407456349464,-122.83959834583"
1007435,"37.4140434265137,-121.895599365234"
17363,"34.165232,-117.279069"
13437,"37.415785686776,-121.89917341279"
1005309,"33.8785438537598,-117.657958984375"
7472,"38.697598,-121.002826"
17871,"38.711115,-121.085471"
14460,"38.213614,-122.143925"
17733,"38.67987,-121.3337"
15665,"38.678165,-121.224517"
15090,"38.676808,-121.198058"
15461,"38.495046,-121.521091"
11489,"33.979247,-118.037187"
17900,"36.986122,-121.964562"
12416,"33.858789,-118.090567"
12178,"32.777422,-117.011067"
13387,"37.690093,-122.062675"
15541,"34.661769,-120.457319"
14481,"38.56763,-121.434277"
11142,"37.706247,-121.885634"
12752,"34.020825,-117.958229"
7673,"35.39719,-119.110704"
17102,"38.137696,-121.288085"
10396,"37.29403,-121.94435"
9520,"37.795099,-122.400512"
9038,"37.292714,-121.930344"
14106,"38.020255,-121.295447"
9035,"34.074908,-118.323461"
9162,"33.668659,-117.918821"
12464,"33.681635,-117.918996"
7875,"33.817725,-117.914675"
15452,"33.873729,-117.924008"
8242,"33.932268,-117.932611"
17935,"32.727909,-117.217685"
17220,"33.737356,-117.919647"
16781,"37.789778,-122.401736"
9104,"33.860206,-117.924364"
12609,"34.263172,-119.269573"
16898,"33.656404,-117.918789"
1006224,"32.7103385925293,-117.17057800293"
12831,"38.591215,-121.554531"
1006589,"33.2657661437988,-116.953994750977"
1005608,"34.4510192871094,-118.624664306641"
9030,"34.150464,-118.073182"
8177,"37.60882,-120.938985"
10841,"33.684865,-117.175382"
15990,"34.051303,-118.25516"
14869,"33.872473,-118.352071"
15026,"33.916609,-118.352197"
11039,"33.897064,-118.352165"
19140,"34.060375,-118.206808"
1005886,"38.9560775756836,-119.942268371582"
14316,"37.737551,-122.197833"
8170,"33.944368,-117.22603"
15547,"36.080642,-119.046323"
14868,"33.863055,-118.40041"
11586,"33.863931,-118.39163"
9169,"37.791973,-122.394513"
12124,"34.052829,-118.256962"
13859,"36.836994,-119.70147"
15458,"36.837808,-119.682019"
13694,"37.609872,-120.975238"
17262,"36.834354,-119.91672"
8112,"36.83452,-119.87917"
14559,"36.83246253572,-119.72940665497"
17353,"37.665931,-122.118568"
16236,"37.653677,-122.11039"
16512,"37.661088,-122.477619"
10727,"33.898556,-117.56335"
16776,"37.895573,-122.529313"
9159,"34.105349,-118.336826"
10607,"33.923275,-116.949981"
14301,"34.3961,-118.916977"
16800,"37.92705,-121.691939"
14459,"37.332959,-119.652417"
12836,"34.12136,-116.42166"
13457,"38.877185,-121.295444"
11123,"38.773600201717,-121.26325654633"
16478,"38.789035,-121.225879"
10728,"33.569496,-116.0872"
113205,"33.6291465759277,-117.910331726074"
16481,"37.700531,-121.066515"
6331,"35.245477,-120.674206"
15759,"34.148859,-118.12158"
16260,"37.263265,-121.918807"
1010149,"37.5378112792969,-122.300186157227"
14397,"33.799076,-117.91818"
10543,"37.78622,-122.410623"
18650,"32.703294,-117.158209"
15685,"33.610625,-114.604954"
8807,"37.337938,-122.041599"
12387,"33.787807,-118.138834"
16537,"37.846619,-122.291674"
15442,"34.427952,-119.870811"
16456,"34.10133,-118.338908"
9009,"34.101702,-118.3373"
20071,"34.101547,-118.341444"
90032,"34.1014518737793,-118.326469421387"
16180,"34.101916,-118.309025"
12825,"33.945841,-118.331115"
6568,"34.195019,-118.348436"
8636,"37.337171,-122.066703"
8838,"37.790947,-122.398634"
14910,"37.338455,-121.994857"
14926,"37.337387,-122.014773"
90325,"34.2052764892578,-118.227821350098"
15096,"38.47928,-122.736383"
15010,"38.818593,-121.189304"
17764,"32.713469,-117.162436"
13324,"32.713654,-117.162437"
8014,"36.953162,-120.082904"
11211,"33.977804,-118.391965"
12112,"38.595212,-121.417346"
9693,"35.584277,-120.696964"
9343,"38.573195,-121.414694"
16588,"34.139599,-117.98101"
8704,"34.104295,-118.152868"
15955,"33.658934,-118.000642"
14856,"33.730292258599,-117.99335252537"
16574,"34.12775,-118.091018"
16034,"33.715643,-118.038672"
15559,"37.470099,-122.434954"
15433,"37.594651,-122.503325"
14701,"36.620895500823,-121.84403"
12152,"37.778599,-122.396409"
18478,"33.925495,-116.811362"
8621,"38.783566,-123.01116"
1005932,"36.5145568847656,-121.43684387207"
16369,"34.439597,-119.747708"
9293,"36.791869,-121.665339"
16509,"33.788013,-116.480868"
14452,"32.680703,-115.499509"
11028,"33.707294,-116.272172"
16539,"33.714701,-116.234141"
8817,"38.562589,-121.768813"
12546,"33.748136,-117.869857"
8228,"34.282084,-118.778554"
14944,"38.458813,-122.67497"
7956,"38.19177,-120.824835"
7468,"37.798862,-120.997555"
13866,"37.057322,-120.833404"
11023,"37.056736,-120.871433"
14317,"37.061299,-122.007623"
68574,"34.524037,-117.216738"
6827,"36.326689552894,-119.3314247029"
6328,"39.141995,-121.644571"
16803,"32.649543227382,-117.08356078427"
15569,"37.755927,-121.466275"
10310,"38.320686,-122.310654"
15562,"37.889624,-121.621816"
6825,"38.002439,-121.731814"
16704,"38.082264,-120.559843"
6746,"35.987932,-119.959093"
10030,"39.042558,-121.094202"
64267,"39.208905,-121.067272"
15711,"38.592876,-121.285365"
10611,"38.686092,-121.1938"
13347,"37.785858,-122.405765"
7183,"36.201922678067,-119.10304122984"
19381,"39.144658,-121.591277"
16484,"33.14926,-117.198201"
17704,"33.48238,-117.092924"
9500,"33.475386,-117.127664"
1005717,"32.9848518371582,-115.518745422363"
7992,"32.567287,-116.965429"
1005764,"38.1015777587891,-121.261779785156"
17901,"39.3654,-121.68808"
11621,"37.987547,-121.244982"
